{
  "python_version": "3.12.2 | packaged by conda-forge | (main, Feb 16 2024, 20:50:58) [GCC 12.3.0]",
  "neuron_version": "NEURON -- VERSION 9.0.1 HEAD (b12a541+) 2025-11-14",
  "dt_ms": 0.025,
  "tstop_ms": 500.0,
  "v_init_mV": -70.0,
  "celsius_C": 34.0,
  "morphology": {
    "soma": {
      "L": 20.0,
      "diam": 20.0,
      "nseg": 1
    },
    "dend_prox": {
      "L": 150.0,
      "diam": 2.0,
      "nseg": 9
    },
    "dend_dist": {
      "L": 200.0,
      "diam": 1.2,
      "nseg": 11
    },
    "axon": {
      "L": 300.0,
      "diam": 1.0,
      "nseg": 11
    }
  },
  "Ra_ohmcm": 100.0,
  "cm_uFcm2": 1.0,
  "soma_psection": "{'point_processes': {'SEClamp': {SEClamp[0]}}, 'density_mechs': {'pas': {'g': [0.00039], 'e': [-70.0], 'i': [0.0007036418631919436]}, 'BK_Cav12': {'diff': [3.0], 'gakbar': [3.3333333333333335e-05], 'gabkbar': [3.3333333333333335e-05], 'ik': [3.4349556046335896e-08], 'gak': [3.900415336280625e-09], 'gabk': [1.0768378675719444e-12], 'ainf': [0.00011708110988993922], 'atau': [6.52971627874201], 'abinf': [2.046913252374237e-08], 'abtau': [163.63658429377628], 'acai': [7e-05], 'ab': [3.2303327889408665e-08], 'a': [0.00011701272242198773], 'ca_i': [7.000273895975699e-05]}, 'BK_Cav21': {'diff': [3.0], 'gakbar': [3.3333333333333335e-05], 'gabkbar': [3.3333333333333335e-05], 'ik': [3.4349556046335896e-08], 'gak': [3.900415336280625e-09], 'gabk': [1.0768378675719444e-12], 'ainf': [0.00011708110988993922], 'atau': [6.52971627874201], 'abinf': [2.046913252374237e-08], 'abtau': [163.63658429377628], 'acai': [7e-05], 'ab': [3.2303327889408665e-08], 'a': [0.00011701272242198773], 'ca_i': [7.001868044044037e-05]}, 'BK_Cav22': {'diff': [3.0], 'gakbar': [3.3333333333333335e-05], 'gabkbar': [3.3333333333333335e-05], 'ik': [3.4349556046335896e-08], 'gak': [3.900415336280625e-09], 'gabk': [1.0768378675719444e-12], 'ainf': [0.00011708110988993922], 'atau': [6.52971627874201], 'abinf': [2.046913252374237e-08], 'abtau': [163.63658429377628], 'acai': [7e-05], 'ab': [3.2303327889408665e-08], 'a': [0.00011701272242198773], 'ca_i': [7.00005748294544e-05]}, 'Cabuffer': {'tau': [8.0], 'brat': [1.0]}, 'Caold': {'gtcabar': [1e-06], 'gncabar': [1e-06], 'glcabar': [1e-06], 'e_ca': [131.79564111083297], 'gtca': [1.0611955261589969e-10], 'gnca': [3.860275266745022e-12], 'glca': [2.291489106019314e-17], 'caim': [7.005111574263546e-05], 'ca_i': [7.005111672078278e-05], 'a': [0.013790606998226559], 'b': [0.5579988381764882], 'c': [0.00202391268655691], 'd': [0.9424084328690198], 'e': [4.786981192492104e-06]}, 'Cav12': {'gbar': [1e-07], 'g': [1.1418064641146426e-11], 'm': [0.0001567713052035408], 'h': [0.7664193165863118], 'h2': [0.9503332927670692]}, 'Cav13': {'gbar': [1e-09], 'ilca13': [-5.785927246085562e-10], 'g': [2.7837535060327325e-12], 'm': [0.0035432617673451646], 'h': [0.9909627703604889], 'h2': [0.7928203648071567]}, 'Cav2_1': {'vhalfm': [-25.0], 'cvm': [10.0], 'vhalfh': [-75.0], 'cvh': [10.0], 'vshift': [0.0], 'tauh_base': [50.0], 'tauh_amp': [30.0], 'pcabar': [1e-05], 'ica': [-1.5295669368778168e-08], 'ipca': [-1.5295669368778168e-08], 'minf': [0.013130817992248713], 'hinf': [0.33616656602012185], 'taum': [0.19421094038251419], 'tauh': [23.870606135443605], 'gk': [-2.0000632587297535], 'm': [0.013130485897562803], 'h': [0.33781929142600703]}, 'Cav22': {'gbar': [1e-05], 'g': [2.305108528219647e-12], 'm': [0.0005832796793055273], 'h': [0.6775800958236219]}, 'Cav32': {'gbar': [1e-05], 'g': [5.077902437562452e-09], 'kc1c2': [0.05467922672862037], 'kc2c1': [0.118953391818601], 'kc2c3': [1.1267340513491275], 'kc3c2': [80.49409607666956], 'kc3o': [0.42], 'koc3': [0.09106886027275456], 'ki2i1': [0.0014869173977325124], 'ki3i2': [0.003279389099419871], 'c1': [0.006044488661700982], 'c2': [0.0031057333190670816], 'c3': [4.3938932497299984e-05], 'i1': [0.05920234493383744], 'i2': [0.0483034974702369], 'i3': [0.15701253395641457], 'io': [0.7257796520334244], 'o': [0.0005078106928212812]}, 'HCN': {'gbar': [0.0001], 'i': [-0.0006315559267151008], 'linf': [0.26882388686997255], 'taul': [36.06880035525791], 'g': [2.4017377855860178e-05], 'l1': [0.2642348741994596], 'l2': [0.14395564730670707]}, 'ichan3': {'gnabar': [0.05], 'gkfbar': [0.0005], 'gksbar': [0.0005], 'gkabar': [0.0005], 'ina': [-4.7431048331243554e-07], 'ik': [1.7360762572949814e-05], 'gna': [4.012921974071136e-09], 'gkf': [1.1059218248813313e-13], 'gks': [2.9096715421586863e-10], 'gka': [1.9715796219224002e-06], 'm': [0.004402482608293156], 'n1': [0.003856482189072068], 'h': [0.9406016480015235], 'n2': [0.027619897525065183], 'k': [0.023553775020219242], 'l': [0.16741052209148696]}, 'Kir21': {'gkbar': [0.00015], 'ik': [0.000261519703008149], 'gk': [2.9703937753824107e-05], 'O': [0.018536152039036892], 'BS': [0.5151489392712387], 'B1': [0.10072428855098216], 'B2': [0.18248790531173403], 'B3': [0.11021197777564623], 'BB': [0.07289073705136208]}, 'Kv11': {'gkbar': [1e-05], 'ik': [2.501033995359041e-06], 'gk': [2.8407250873953485e-07], 'm': [0.035159536543545], 'h': [0.8079587567371627]}, 'Kv14': {'gkbar': [1e-05], 'scale_a': [1.0], 'scale_i': [1.0], 'gk': [1.524484053157082e-08], 'ik': [1.3421877601765868e-07], 'n': [0.2699044047357948], 'h': [0.28726984635195785]}, 'Kv21': {'gkbar': [3e-05], 'ik': [3.215603879269497e-08], 'gk': [3.652348040017472e-09], 'm': [0.00012177732005451639], 'h': [0.9997410521112013]}, 'Kv33': {'gkbar': [0.02], 'ik': [2.2603771304291928e-15], 'gk': [2.5673821440652267e-16], 'm': [0.00035562122600421006], 'h': [0.8026392377427193]}, 'Kv34': {'gkbar': [0.002], 'ik': [3.3589582530263207e-06], 'gk': [3.815172842349037e-07], 'm': [0.00020878977066085045], 'h': [0.9136481460893757]}, 'Kv42b': {'gkbar': [0.00015], 'ik': [8.734236135445223e-08], 'gk': [9.920522374040088e-09], 'O': [6.613366700176868e-05], 'C0': [0.00153769869516331], 'C1': [0.003505961016997944], 'C2': [0.00300769668299958], 'C3': [0.0011607221404238866], 'C4': [0.0001808473060950212], 'I0': [1.209734700157248e-10], 'I1': [1.600404942003734e-07], 'I2': [6.811982841630532e-05], 'I3': [0.01274742647127281], 'I4': [0.8938785023737368], 'IO1': [0.0002013453197438162], 'IO2': [0.0037586547272901397], 'I5': [0.07987118571348596], 'C5': [1.5545895905038752e-05]}, 'Kv42': {'gkbar': [0.00015], 'ik': [1.9452180753774338e-13], 'gk': [2.2094181036456884e-14], 'O': [1.4727475264628107e-10], 'C0': [0.948898265165991], 'C1': [0.0019750057515511336], 'C2': [1.542280115663076e-06], 'C3': [7.20641073740361e-10], 'C4': [1.3914716039098816e-10], 'I0': [0.048004226300572064], 'I1': [0.0011112601541356665], 'I2': [9.62848161933735e-06], 'I3': [3.705662648079413e-08], 'I4': [6.220437284905403e-11], 'IO1': [5.654390871496425e-09], 'IO2': [2.8085730624208226e-08]}, 'Kv723': {'gkbar': [2e-09], 'i': [8.870433858592663e-11], 'ik': [8.870433858592663e-11], 'gk': [1.0075218507602845e-11], 'minf': [0.11705040056266272], 'tau1': [51.23482160340055], 'tau2': [154.0688996519917], 'tadjtau': [6.898648307306074], 'm1': [0.1608611693238475], 'm2': [0.19461597972626488]}, 'na8st': {'gbar': [1e-06], 'a1_0': [0.0], 'a1_1': [0.0], 'b1_0': [0.0], 'b1_1': [0.0], 'a2_0': [0.0], 'a2_1': [0.0], 'b2_0': [0.0], 'b2_1': [0.0], 'a3_0': [0.0], 'a3_1': [0.0], 'b3_0': [0.0], 'b3_1': [0.0], 'bh_0': [0.0], 'bh_1': [0.0], 'bh_2': [0.0], 'ah_0': [0.0], 'ah_1': [0.0], 'ah_2': [0.0], 'vShift_inact_local': [0.0], 'g': [1e-06], 'c1': [0.0], 'c2': [0.0], 'c3': [0.0], 'i1': [0.0], 'i2': [0.0], 'i3': [0.0], 'i4': [0.0], 'i5': [0.0], 'i6': [0.0], 'o': [1.0]}, 'SK2': {'gkbar': [5e-06], 'gk': [6.0100506953573696e-09], 'ik': [5.2913747865345934e-08], 'acai': [5.22643888395652e-05], 'c1': [0.9883998069087996], 'c2': [0.00998144833206447], 'c3': [0.00033429731422516856], 'c4': [8.283519063097291e-05], 'o1': [5.404885030286653e-05], 'o2': [0.0011475634039769232]}}, 'ions': {'na': {'ena': [50.0], 'nai': [10.0], 'nao': [140.0], 'ina': [-0.00011867010057769206], 'dina_dv_': [1.0040129219762692e-06]}, 'k': {'ek': [-77.0], 'ki': [54.4], 'ko': [2.5], 'ik': [0.0002851502263227741], 