{
  "python_version": "3.12.2 | packaged by conda-forge | (main, Feb 16 2024, 20:50:58) [GCC 12.3.0]",
  "neuron_version": "NEURON -- VERSION 9.0.1 HEAD (b12a541+) 2025-11-14",
  "dt_ms": 0.025,
  "tstop_ms": 500.0,
  "v_init_mV": -70.0,
  "celsius_C": 34.0,
  "cell_class": "DGGranuleLikeCell",
  "protocol": {
    "delay_ms": 100.0,
    "dur_ms": 300.0,
    "amp_nA": 0.3
  },
  "morphology": {
    "soma": {
      "L": 20.0,
      "diam": 20.0,
      "nseg": 1
    },
    "dend_prox": {
      "L": 150.0,
      "diam": 2.0,
      "nseg": 9
    },
    "dend_dist": {
      "L": 200.0,
      "diam": 1.2,
      "nseg": 11
    },
    "axon": {
      "L": 300.0,
      "diam": 1.0,
      "nseg": 11
    },
    "ais": {
      "L": 30.0,
      "diam": 1.0,
      "nseg": 3
    }
  },
  "Ra_ohmcm": 300.0,
  "cm_uFcm2": 1.0,
  "soma_psection": "{'point_processes': {'IClamp': {IClamp[0]}}, 'density_mechs': {'pas': {'g': [0.00039], 'e': [-70.0], 'i': [0.0005688751728910848]}, 'BK_Cav12': {'diff': [1.0], 'gakbar': [0.009999999999999998], 'gabkbar': [0.009999999999999998], 'ik': [4.741985765782968e-07], 'gak': [5.606020749229857e-08], 'gabk': [5.511521272898534e-13], 'ainf': [5.6065487594180006e-06], 'atau': [1.0], 'abinf': [5.513894980470648e-11], 'abtau': [4.0], 'acai': [7.018434944953321e-05], 'ab': [5.51153606230582e-11], 'a': [5.606033785847853e-06], 'ca_i': [7.018434944953321e-05]}, 'BK_Cav21': {'diff': [1.0], 'gakbar': [0.009999999999999998], 'gabkbar': [0.009999999999999998], 'ik': [4.739410258916925e-07], 'gak': [5.6029762762895507e-08], 'gabk': [5.476946449871279e-13], 'ainf': [5.603502367911648e-06], 'atau': [1.0], 'abinf': [5.4792171768680434e-11], 'abtau': [4.0], 'acai': [7.001198669116815e-05], 'ab': [5.476960597657125e-11], 'a': [5.602989265537983e-06], 'ca_i': [7.001198669116815e-05]}, 'BK_Cav22': {'diff': [1.0], 'gakbar': [0.009999999999999998], 'gabkbar': [0.009999999999999998], 'ik': [4.7392366362859453e-07], 'gak': [5.60277103921581e-08], 'gabk': [5.474619180909117e-13], 'ainf': [5.603296881095232e-06], 'atau': [1.0], 'abinf': [5.476884908511368e-11], 'abtau': [4.0], 'acai': [7.00003574727735e-05], 'ab': [5.474633297546188e-11], 'a': [5.602784022298073e-06], 'ca_i': [7.00003574727735e-05]}, 'Cabuffer': {'tau': [8.0], 'brat': [1.0]}, 'Caold': {'gtcabar': [1e-06], 'gncabar': [1e-06], 'glcabar': [1e-06], 'e_ca': [131.80479726625063], 'gtca': [1.25172195412689e-12], 'gnca': [3.3339567523080894e-13], 'glca': [2.015897671666605e-17], 'caim': [7.00012048032473e-05], 'ca_i': [7.00012035225967e-05], 'a': [0.013174731198129648], 'b': [0.007213229629677509], 'c': [0.0019305665656630324], 'd': [0.08946791272405072], 'e': [4.4899041229441736e-06]}, 'Cav12': {'gbar': [1e-05], 'g': [1.1845100490207616e-09], 'm': [0.00013613962580864638], 'h': [0.9617899418236682], 'h2': [0.9046471061624166]}, 'Cav13': {'gbar': [1e-09], 'ilca13': [-5.932308267623497e-10], 'g': [2.8509582376767266e-12], 'm': [0.0033074358429576746], 'h': [0.9528726857548231], 'h2': [0.9046471061624166]}, 'Cav2_1': {'vhalfm': [-29.458], 'cvm': [8.429], 'vhalfh': [-45.0], 'cvh': [10.0], 'vshift': [0.0], 'tauh_base': [50.0], 'tauh_amp': [30.0], 'pcabar': [1e-05], 'ica': [-1.6066951164736495e-08], 'ipca': [-1.6066951164736495e-08], 'minf': [0.00959599437802535], 'hinf': [0.9132620267266441], 'taum': [0.19414934523224095], 'tauh': [23.871517982643745], 'gk': [-2.0098963905455975], 'm': [0.00959570486135086], 'h': [0.9047708817577023]}, 'Cav22': {'gbar': [1e-05], 'g': [2.300316633162311e-12], 'm': [0.0004886910106674494], 'h': [0.9632242337636]}, 'Cav32': {'gbar': [1e-05], 'g': [4.981190066357412e-09], 'kc1c2': [0.05375173273983772], 'kc2c1': [0.11974743890880957], 'kc2c3': [1.106399183736903], 'kc3c2': [83.82415918198278], 'kc3o': [0.42], 'koc3': [0.09190494143766174], 'ki2i1': [0.0014968429863601196], 'ki3i2': [0.003415058337043743], 'c1': [0.0043370693985236575], 'c2': [0.002321348176220167], 'c3': [3.116660555056267e-05], 'i1': [0.005296924878200934], 'i2': [0.04056245056510245], 'i3': [0.16951965106104647], 'io': [0.7774332550126886], 'o': [0.0004981343026672087]}, 'HCN': {'gbar': [0.0001], 'i': [-0.0006173996120548399], 'linf': [0.2784972345736528], 'taul': [36.333457068811555], 'g': [2.3174490461669168e-05], 'l1': [0.263640086938813], 'l2': [0.10422381782644559]}, 'ichan3': {'gnabar': [0.05], 'gkfbar': [0.0005], 'gksbar': [0.0005], 'gkabar': [0.0005], 'ina': [-3.968145891454632e-07], 'ik': [1.642637787362813e-05], 'gna': [3.347478356745154e-09], 'gkf': [8.754218912857717e-14], 'gks': [2.3418250730382715e-10], 'gka': [1.941726951202583e-06], 'm': [0.004140151250277512], 'n1': [0.003637597352278978], 'h': [0.9434245111655195], 'n2': [0.026160693798490824], 'k': [0.023034083788973907], 'l': [0.1685992210122627]}, 'Kir21': {'gkbar': [0.00015], 'ik': [0.0002276224368702134], 'gk': [2.691000590409855e-05], 'O': [0.017280728406163726], 'BS': [0.45959852717124733], 'B1': [0.09219396458620603], 'B2': [0.16413476457048978], 'B3': [0.09742052797833864], 'BB': [0.16937148728755447]}, 'Kv11': {'gkbar': [1e-05], 'ik': [2.343894075626291e-06], 'gk': [2.7710011491375516e-07], 'm': [0.034421547992159664], 'h': [0.8050123328204087]}, 'Kv14': {'gkbar': [1e-05], 'scale_a': [1.0], 'scale_i': [1.0], 'gk': [8.429498762117014e-10], 'ik': [7.130221586221526e-09], 'n': [0.26493901028271705], 'h': [0.01711174739441969]}, 'Kv21': {'gkbar': [3e-05], 'ik': [5.1842815045483995e-08], 'gk': [6.128967241285275e-09], 'm': [0.0002065803215446306], 'h': [0.9881375116041826]}, 'Kv33': {'gkbar': [0.02], 'ik': [1.8606529438142717e-15], 'gk': [2.1997032626475924e-16], 'm': [0.00034537869823361803], 'h': [0.7729780342326064]}, 'Kv34': {'gkbar': [0.002], 'ik': [2.3476410778750503e-06], 'gk': [2.775430934444449e-07], 'm': [0.0002014844724250881], 'h': [0.6887757186040161]}, 'Kv42b': {'gkbar': [0.00015], 'ik': [1.6535765312031643e-07], 'gk': [1.954893148030387e-08], 'O': [0.00013031700782927092], 'C0': [0.0017140334748947709], 'C1': [0.003815324259046079], 'C2': [0.0031998626253517495], 'C3': [0.001213535407451885], 'C4': [0.0001928386947066202], 'I0': [1.3324125867311816e-10], 'I1': [1.718993369029242e-07], 'I2': [7.133113638786763e-05], 'I3': [0.01301286403995621], 'I4': [0.8895543784694769], 'IO1': [0.0004358395762052167], 'IO2': [0.00855688421530762], 'I5': [0.07808597277134363], 'C5': [1.6646289464023046e-05]}, 'Kv42': {'gkbar': [0.00015], 'ik': [5.749585429788355e-07], 'gk': [6.797281497778852e-08], 'O': [0.0004530912532253034], 'C0': [0.3679359467570621], 'C1': [0.0024636030555970304], 'C2': [0.0008445158837806169], 'C3': [0.0005593010660103979], 'C4': [0.0004201337063850283], 'I0': [0.5110747357897594], 'I1': [0.011778138484222003], 'I2': [0.00018387439183676946], 'I3': [4.969540898332727e-05], 'I4': [2.5982284909025252e-05], 'IO1': [0.017458981207743144], 'IO2': [0.08675200071048592]}, 'Kv723': {'gkbar': [2e-09], 'i': [4.361721409551857e-10], 'ik': [4.361721409551857e-10], 'gk': [5.1565192999843967e-11], 'minf': [0.11313386039770368], 'tau1': [50.54124113041239], 'tau2': [145.8102133112935], 'tadjtau': [6.898648307306074], 'm1': [0.2211214108914648], 'm2': [0.5269831535678484]}, 'na8st': {'gbar': [1e-06], 'a1_0': [0.0], 'a1_1': [0.0], 'b1_0': [0.0], 'b1_1': [0.0], 'a2_0': [0.0], 'a2_1': [0.0], 'b2_0': [0.0], 'b2_1': [0.0], 'a3_0': [0.0], 'a3_1': [0.0], 'b3_0': [0.0], 'b3_1': [0.0], 'bh_0': [0.0], 'bh_1': [0.0], 'bh_2': [0.0], 'ah_0': [0.0], 'ah_1': [0.0], 'ah_2': [0.0], 'vShift_inact_local': [0.0], 'g': [1e-06], 'c1': [0.0], 'c2': [0.0], 'c3': [0.0], 'i1': [0.0], 'i2': [0.0], 'i3': [0.0], 'i4': [0.0], 'i5': [0.0], 'i6': [0.0], 'o': [1.0]}, 'SK2': {'gkbar': [5e-06], 'gk': [1.0540006973599932e-07], 'ik': [8.915427519822491e-07], 'acai': [5.270296621121008e-05], 'c1': [0.8472031196250692], 'c2': [0.11496735297362097], 'c3': [0.015381829512056132], 'c4': [0.0013848074620402156], 'o1': [0.002467924594344841], 'o2': [0.01859496583286849]}}, 'ions': {'na': {'ena': [50.0], 'nai': [10.0], 'nao': [140.0], 'ina': [-0.00011893816029968114], 