{
  "python_version": "3.12.2 | packaged by conda-forge | (main, Feb 16 2024, 20:50:58) [GCC 12.3.0]",
  "neuron_version": "NEURON -- VERSION 9.0.1 HEAD (b12a541+) 2025-11-14",
  "dt_ms": 0.025,
  "tstop_ms": 500.0,
  "v_init_mV": -70.0,
  "celsius_C": 34.0,
  "morphology": {
    "soma": {
      "L": 20.0,
      "diam": 20.0,
      "nseg": 1
    },
    "dend_prox": {
      "L": 150.0,
      "diam": 2.0,
      "nseg": 9
    },
    "dend_dist": {
      "L": 200.0,
      "diam": 1.2,
      "nseg": 11
    },
    "axon": {
      "L": 300.0,
      "diam": 1.0,
      "nseg": 11
    }
  },
  "Ra_ohmcm": 300.0,
  "cm_uFcm2": 1.0,
  "soma_psection": "{'point_processes': {'SEClamp': {SEClamp[0]}}, 'density_mechs': {'pas': {'g': [0.00039], 'e': [-70.0], 'i': [0.0005796724589124792]}, 'BK_Cav12': {'diff': [1.0], 'gakbar': [0.009999999999999998], 'gabkbar': [0.009999999999999998], 'ik': [4.7659702862306165e-07], 'gak': [5.615994209961461e-08], 'gabk': [5.521699814056552e-13], 'ainf': [5.616519575478056e-06], 'atau': [1.0], 'abinf': [5.523993350293425e-11], 'abtau': [4.0], 'acai': [7.018593157818596e-05], 'ab': [5.5217141039555824e-11], 'a': [5.616007181282284e-06], 'ca_i': [7.018593157818596e-05]}, 'BK_Cav21': {'diff': [1.0], 'gakbar': [0.009999999999999998], 'gabkbar': [0.009999999999999998], 'ik': [4.7633608031335487e-07], 'gak': [5.6129196375216374e-08], 'gabk': [5.48676126457825e-13], 'ainf': [5.613443407218762e-06], 'atau': [1.0], 'abinf': [5.4889755937328795e-11], 'abtau': [4.0], 'acai': [7.001219260670285e-05], 'ab': [5.486775060976811e-11], 'a': [5.612932569441537e-06], 'ca_i': [7.001219260670285e-05]}, 'BK_Cav22': {'diff': [1.0], 'gakbar': [0.009999999999999998], 'gabkbar': [0.009999999999999998], 'ik': [4.7631832320257653e-07], 'gak': [5.612710417736814e-08], 'gabk': [5.484393638581261e-13], 'ainf': [5.613234008664092e-06], 'atau': [1.0], 'abinf': [5.486598919240577e-11], 'abtau': [4.0], 'acai': [7.000036299158085e-05], 'ab': [5.4844073786030885e-11], 'a': [5.6127233452428705e-06], 'ca_i': [7.000036299158085e-05]}, 'Cabuffer': {'tau': [8.0], 'brat': [1.0]}, 'Caold': {'gtcabar': [1e-06], 'gncabar': [1e-06], 'glcabar': [1e-06], 'e_ca': [131.79637607021053], 'gtca': [9.755964538963296e-11], 'gnca': [3.538944597874153e-12], 'glca': [2.0367005726460524e-17], 'caim': [7.00471081066995e-05], 'ca_i': [7.004710888170177e-05], 'a': [0.013223439484080307], 'b': [0.5579380782103993], 'c': [0.0019378865472846527], 'd': [0.9423701550234391], 'e': [4.513011305477818e-06]}, 'Cav12': {'gbar': [1e-05], 'g': [1.1941660960392558e-09], 'm': [0.00013670326082662504], 'h': [0.9656854738712076], 'h2': [0.9045953503680426]}, 'Cav13': {'gbar': [1e-09], 'ilca13': [-6.204148709246708e-10], 'g': [2.982112683145131e-12], 'm': [0.003325739066345509], 'h': [0.9912568576921613], 'h2': [0.9045953503680426]}, 'Cav2_1': {'vhalfm': [-29.458], 'cvm': [8.429], 'vhalfh': [-45.0], 'cvh': [10.0], 'vshift': [0.0], 'tauh_base': [50.0], 'tauh_amp': [30.0], 'pcabar': [1e-05], 'ica': [-1.631548426902199e-08], 'ipca': [-1.631548426902199e-08], 'minf': [0.009627260689240823], 'hinf': [0.9130424672529667], 'taum': [0.19415427942207475], 'tauh': [23.87144636270126], 'gk': [-2.0091083944918546], 'm': [0.009626970279191838], 'h': [0.910194729166486]}, 'Cav22': {'gbar': [1e-05], 'g': [2.333254116677099e-12], 'm': [0.0004905619178112209], 'h': [0.9695717115896003]}, 'Cav32': {'gbar': [1e-05], 'g': [4.973717259512672e-09], 'kc1c2': [0.05382545883428489], 'kc2c1': [0.1196836262094739], 'kc2c3': [1.108014769991286], 'kc3c2': [83.55235698905359], 'kc3o': [0.42], 'koc3': [0.09183767396297544], 'ki2i1': [0.0014960453276184238], 'ki3i2': [0.0034039849143688503], 'c1': [0.006115184885199215], 'c2': [0.003086579542070224], 'c3': [4.138961108513492e-05], 'i1': [0.059251656103742986], 'i2': [0.049329907387459834], 'i3': [0.15786903932728377], 'io': [0.7238088524053664], 'o': [0.0004973907377925118]}, 'HCN': {'gbar': [0.0001], 'i': [-0.0006536700161435516], 'linf': [0.2777143897995887], 'taul': [36.31228338560319], 'g': [2.456144728902871e-05], 'l1': [0.27068682752598766], 'l2': [0.1453586529122138]}, 'ichan3': {'gnabar': [0.05], 'gkfbar': [0.0005], 'gksbar': [0.0005], 'gkabar': [0.0005], 'ina': [-4.0253492037320457e-07], 'ik': [1.6782779546678636e-05], 'gna': [3.3965276166854267e-09], 'gkf': [8.920081410931056e-14], 'gks': [2.3813051024642194e-10], 'gka': [1.977384762528352e-06], 'm': [0.004160601984181568], 'n1': [0.0036547059062409406], 'h': [0.943201846322727], 'n2': [0.026270279626613796], 'k': [0.023075297240988286], 'l': [0.1713858206789037]}, 'Kir21': {'gkbar': [0.00015], 'ik': [0.000257198903203219], 'gk': [3.0307401561487248e-05], 'O': [0.01954654046786576], 'BS': [0.5067553356036933], 'B1': [0.1045396839778333], 'B2': [0.1864138283806141], 'B3': [0.11080774155019103], 'BB': [0.07193687001980241]}, 'Kv11': {'gkbar': [1e-05], 'ik': [2.348071570815784e-06], 'gk': [2.766883804928117e-07], 'm': [0.03424541078420007], 'h': [0.8079623971544627]}, 'Kv14': {'gkbar': [1e-05], 'scale_a': [1.0], 'scale_i': [1.0], 'gk': [1.4087990542537355e-08], 'ik': [1.1955547256424452e-07], 'n': [0.26533737691314396], 'h': [0.28422511205599327]}, 'Kv21': {'gkbar': [3e-05], 'ik': [2.9592767251305825e-08], 'gk': [3.4871061627051675e-09], 'm': [0.0001162675874546452], 'h': [0.9997401356469535]}, 'Kv33': {'gkbar': [0.02], 'ik': [1.9580223810571377e-15], 'gk': [2.3072637491844235e-16], 'm': [0.0003461886105182072], 'h': [0.803205843999752]}, 'Kv34': {'gkbar': [0.002], 'ik': [3.1334623893262318e-06], 'gk': [3.6923603377924056e-07], 'm': [0.00020206048218351027], 'h': [0.9136854556935821]}, 'Kv42b': {'gkbar': [0.00015], 'ik': [8.267072192752096e-08], 'gk': [9.741623061493945e-09], 'O': [6.49408877784057e-05], 'C0': [0.001595798403208857], 'C1': [0.0035545474606581335], 'C2': [0.0029794818453460817], 'C3': [0.0011241601437149262], 'C4': [0.00017197399729682391], 'I0': [1.322591109242462e-10], 'I1': [1.7179013428030688e-07], 'I2': [7.145360135344444e-05], 'I3': [0.013062116214511251], 'I4': [0.8947463752647291], 'IO1': [0.00020008913363094109], 'IO2': [0.0037607899270285052], 'I5': [0.07865353993497876], 'C5': [1.456126337138704e-05]}, 'Kv42': {'gkbar': [0.00015], 'ik': [1.8846762874869792e-13], 'gk': [2.2208353281020512e-14], 'O': [1.4803578680420556e-10], 'C0': [0.948979032452749], 'C1': [0.0018725953161326618], 'C2': [1.3863899964842471e-06], 'C3': [6.393632722317259e-10], 'C4': [1.375189829558175e-10], 'I0': [0.048082355589358736], 'I1': [0.0010558846109603968], 'I2': [8.678941497956602e-06], 'I3': [3.168951011560219e-08], 'I4': [5.183775497600282e-11], 'IO1': [5.7023421933284586e-09], 'IO2': [2.8330696814102007e-08]}, 'Kv723': {'gkbar': [2e-09], 'i': [8.187589200797757e-11], 'ik': [8.187589200797757e-11], 'gk': [9.647963138202387e-12], 'minf': [0.1134476476407078], 'tau1': [50.59680974333448], 'tau2': [146.47188670376093], 'tadjtau': [0.0], 'm1': [0.15821944949960146], 'm2': [0.19263445273567206]}, 'na8st': {'gbar': [1e-06], 'a1_0': [0.0], 'a1_1': [0.0], 'b1_0': [0.0], 'b1_1': [0.0], 'a2_0': [0.0], 'a2_1': [0.0], 'b2_0': [0.0], 'b2_1': [0.0], 'a3_0': [0.0], 'a3_1': [0.0], 'b3_0': [0.0], 'b3_1': [0.0], 'bh_0': [0.0], 'bh_1': [0.0], 'bh_2': [0.0], 'ah_0': [0.0], 'ah_1': [0.0], 'ah_2': [0.0], 'vShift_inact_local': [0.0], 'g': [1e-06], 'c1': [0.0], 'c2': [0.0], 'c3': [0.0], 'i1': [0.0], 'i2': [0.0], 'i3': [0.0], 'i4': [0.0], 'i5': [0.0], 'i6': [0.0], 'o': [1.0]}, 'SK2': {'gkbar': [5e-06], 'gk': [2.5559910496956076e-08], 'ik': [2.1691008160011154e-07], 'acai': [5.2735286154892536e-05], 'c1': [0.8680948857601514], 'c2': [0.11444054445747748], 'c3': [0.012089236142864456], 'c4': [0.0002634820366133321], 'o1': [0.0019342555470973858], 'o2': [0.00317759605579601]}}, 'ions': {'na': {'ena': [50.0], 'nai': [10.0], 'nao': [140.0], 'ina': [-0.00011891619528213607], 'dina_dv_': [1.0033965276188937e-06]}, 'k': {'ek': [-77.0], 'ki': [54.4], 'ko': [2.5], 'ik': [0.00028134127925183954], 'dik_dv_': [3.31522530615294e-05]}, 'lca': {'elca': [0.0], 'lcai': 