{
  "python_version": "3.12.2 | packaged by conda-forge | (main, Feb 16 2024, 20:50:58) [GCC 12.3.0]",
  "neuron_version": "NEURON -- VERSION 9.0.1 HEAD (b12a541+) 2025-11-14",
  "dt_ms": 0.025,
  "tstop_ms": 500.0,
  "v_init_mV": -70.0,
  "celsius_C": 34.0,
  "currents_nA": [
    0.0,
    0.05,
    0.1,
    0.15000000000000002,
    0.2,
    0.25,
    0.30000000000000004,
    0.35000000000000003,
    0.4,
    0.45,
    0.5,
    0.55,
    0.6000000000000001,
    0.65,
    0.7000000000000001,
    0.75,
    0.8,
    0.8500000000000001,
    0.9
  ],
  "stim_delay_ms": 100.0,
  "stim_dur_ms": 300.0,
  "width_measurement_fraction": 0.3333333333333333,
  "model": "WT",
  "cav12_scale_factor": 1.0,
  "bk_split": {
    "BK_Cav22": 0.3333333333333333,
    "BK_Cav12": 0.3333333333333333,
    "BK_Cav21": 0.3333333333333333
  },
  "bk_total_scale": 1.0,
  "bk_effective_gain": {
    "BK_Cav12": 1.0,
    "BK_Cav21": 0.1,
    "BK_Cav22": 1.0
  }
}