{
  "python_version": "3.12.2 | packaged by conda-forge | (main, Feb 16 2024, 20:50:58) [GCC 12.3.0]",
  "neuron_version": "NEURON -- VERSION 9.0.1 HEAD (b12a541+) 2025-11-14",
  "dt_ms": 0.025,
  "tstop_ms": 500.0,
  "v_init_mV": -70.0,
  "celsius_C": 34.0,
  "cell_class": "DGGranuleLikeCell",
  "protocol": {
    "type": "current_clamp",
    "delay_ms": 100.0,
    "dur_ms": 300.0,
    "amp_nA": 0.3
  },
  "channel_overrides": null,
  "bk_split_override": null,
  "morphology": {
    "soma": {
      "L": 20.0,
      "diam": 20.0,
      "nseg": 1
    },
    "dend_prox": {
      "L": 150.0,
      "diam": 2.0,
      "nseg": 9
    },
    "dend_dist": {
      "L": 200.0,
      "diam": 1.2,
      "nseg": 11
    },
    "ais": {
      "L": 30.0,
      "diam": 1.0,
      "nseg": 3
    },
    "axon": {
      "L": 300.0,
      "diam": 1.0,
      "nseg": 11
    }
  },
  "Ra_ohmcm": 300.0,
  "cm_uFcm2": 1.0,
  "soma_psection": "{'point_processes': {'IClamp': {IClamp[0]}}, 'density_mechs': {'pas': {'g': [0.00039], 'e': [-70.0], 'i': [0.0005711572383567541]}, 'BK_Cav12': {'diff': [1.0], 'gakbar': [0.009999999999999998], 'gabkbar': [0.009999999999999998], 'ik': [4.7470654481941973e-07], 'gak': [5.608146445298354e-08], 'gabk': [5.513711794529717e-13], 'ainf': [5.608651002607943e-06], 'atau': [1.0], 'abinf': [5.5159920116498695e-11], 'abtau': [4.0], 'acai': [7.018450946217731e-05], 'ab': [5.5137260014438655e-11], 'a': [5.608158902862716e-06], 'ca_i': [7.018450946217731e-05]}, 'BK_Cav21': {'diff': [1.0], 'gakbar': [0.009999999999999998], 'gabkbar': [0.009999999999999998], 'ik': [4.744485129079045e-07], 'gak': [5.60509839242815e-08], 'gabk': [5.479095033120273e-13], 'ainf': [5.60560106828637e-06], 'atau': [1.0], 'abinf': [5.4812737774194226e-11], 'abtau': [4.0], 'acai': [7.001201089003187e-05], 'ab': [5.4791086078070585e-11], 'a': [5.605110803539311e-06], 'ca_i': [7.001201089003187e-05]}, 'BK_Cav22': {'diff': [1.0], 'gakbar': [0.009999999999999998], 'gabkbar': [0.009999999999999998], 'ik': [4.744310963898078e-07], 'gak': [5.6048926563384844e-08], 'gabk': [5.476761785231307e-13], 'ainf': [5.605395087206866e-06], 'atau': [1.0], 'abinf': [5.478935898261956e-11], 'abtau': [4.0], 'acai': [7.00003580634142e-05], 'ab': [5.476775331062931e-11], 'a': [5.604905061400825e-06], 'ca_i': [7.00003580634142e-05]}, 'Cabuffer': {'tau': [8.0], 'brat': [1.0]}, 'Caold': {'gtcabar': [1e-06], 'gncabar': [1e-06], 'glcabar': [1e-06], 'e_ca': [131.80479592389068], 'gtca': [1.2533912905498074e-12], 'gnca': [3.345144113401699e-13], 'glca': [2.0202767308989748e-17], 'caim': [7.000121211795243e-05], 'ca_i': [7.000121082057685e-05], 'a': [0.01318548211265217], 'b': [0.007211072541310738], 'c': [0.0019321241046777434], 'd': [0.08962338842992901], 'e': [4.494776755951912e-06]}, 'Cav12': {'gbar': [1e-05], 'g': [1.1855179357004107e-09], 'm': [0.00013625855917754587], 'h': [0.9617698569924608], 'h2': [0.904645242785974]}, 'Cav13': {'gbar': [1e-09], 'ilca13': [-5.938919669924797e-10], 'g': [2.85421971778871e-12], 'm': [0.003311295943372406], 'h': [0.9528523639732935], 'h2': [0.904645242785974]}, 'Cav2_1': {'vhalfm': [-29.458], 'cvm': [8.429], 'vhalfh': [-45.0], 'cvh': [10.0], 'vshift': [0.0], 'tauh_base': [50.0], 'tauh_amp': [30.0], 'pcabar': [1e-05], 'ica': [-1.6097677913822007e-08], 'ipca': [-1.6097677913822007e-08], 'minf': [0.009602592459152353], 'hinf': [0.9132156763598297], 'taum': [0.19415038780026636], 'tauh': [23.87150287012979], 'gk': [-2.0097298869430302], 'm': [0.009602316026979377], 'h': [0.9047045756312597]}, 'Cav22': {'gbar': [1e-05], 'g': [2.30397142979795e-12], 'm': [0.0004890879182880233], 'h': [0.9631890001887362]}, 'Cav32': {'gbar': [1e-05], 'g': [4.982559785476942e-09], 'kc1c2': [0.05376730240773599], 'kc2c1': [0.11973395265585579], 'kc2c3': [1.1067403555242443], 'kc3c2': [83.76665467203428], 'kc3o': [0.42], 'koc3': [0.09189072393188982], 'ki2i1': [0.0014966744081981974], 'ki3i2': [0.003412715560712508], 'c1': [0.00433431522949733], 'c2': [0.002320728752064483], 'c3': [3.118919353090109e-05], 'i1': [0.005321020823043714], 'i2': [0.04052076589512945], 'i3': [0.16950174817870248], 'io': [0.7774719606750014], 'o': [0.0004982712530302582]}, 'HCN': {'gbar': [0.0001], 'i': [-0.0006168408013744629], 'linf': [0.2783317091242757], 'taul': [36.32898359115587], 'g': [2.315860165156998e-05], 'l1': [0.26345183656849], 'l2': [0.10418243537445158]}, 'ichan3': {'gnabar': [0.05], 'gkfbar': [0.0005], 'gksbar': [0.0005], 'gkabar': [0.0005], 'ina': [-3.9801692961192343e-07], 'ik': [1.2296874673065598e-05], 'gna': [3.357786898300728e-09], 'gkf': [8.78982210454367e-14], 'gks': [2.351238686601241e-10], 'gka': [1.4525224324126703e-06], 'm': [0.0041444668705538], 'n1': [0.00364128922257637], 'h': [0.9433758261720038], 'n2': [0.026186937470000327], 'k': [0.02304280232485341], 'l': [0.1260854302910703]}, 'Kir21': {'gkbar': [0.00015], 'ik': [0.00022762512570910853], 'gk': [2.6891720877476904e-05], 'O': [0.017258048589023366], 'BS': [0.45963820168098185], 'B1': [0.09209945304522155], 'B2': [0.1640143283580368], 'B3': [0.0973774951966429], 'BB': [0.16961247313009348]}, 'Kv11': {'gkbar': [1e-05], 'ik': [2.3469861423339047e-06], 'gk': [2.7727385562702006e-07], 'm': [0.03444276937716598], 'h': [0.8050205743870175]}, 'Kv14': {'gkbar': [1e-05], 'scale_a': [1.0], 'scale_i': [1.0], 'gk': [8.456128620518876e-10], 'ik': [7.157694924128616e-09], 'n': [0.2650280039468144], 'h': [0.01714274904531543]}, 'Kv21': {'gkbar': [3e-05], 'ik': [5.203326919492254e-08], 'gk': [6.147230659064638e-09], 'm': [0.00020718784824769272], 'h': [0.9881739034580276]}, 'Kv33': {'gkbar': [0.02], 'ik': [1.8657314820868134e-15], 'gk': [2.2041824289958952e-16], 'm': [0.00034555272421115106], 'h': [0.7729924508428957]}, 'Kv34': {'gkbar': [0.002], 'ik': [2.3520141843967696e-06], 'gk': [2.778678704717941e-07], 'm': [0.00020160763123877652], 'h': [0.6891602893822115]}, 'Kv42b': {'gkbar': [0.00015], 'ik': [1.6521820161153559e-07], 'gk': [1.951894259377154e-08], 'O': [0.000130117096190247], 'C0': [0.0017104623169503165], 'C1': [0.0038090430310089136], 'C2': [0.003195993866489919], 'C3': [0.0012125941787373136], 'C4': [0.00019276015228246834], 'I0': [1.330122836525321e-10], 'I1': [1.716791998613676e-07], 'I2': [7.127054916302713e-05], 'I3': [0.013007425131421245], 'I4': [0.889566539509403], 'IO1': [0.00043509113564450623], 'IO2': [0.008541367948145643], 'I5': [0.07811051972447887], 'C5': [1.664354787240498e-05]}, 'Kv42': {'gkbar': [0.00015], 'ik': [5.745789540445143e-07], 'gk': [6.788098109162039e-08], 'O': [0.00045247909772430916], 'C0': [0.36788186215801205], 'C1': [0.0024625845781622905], 'C2': [0.0008436534824690402], 'C3': [0.0005587230335695809], 'C4': [0.0004196977230617965], 'I0': [0.5112625844263322], 'I1': [0.011795861441622124], 'I2': [0.00018409282156331958], 'I3': [4.966792662639221e-05], 'I4': [2.5966129580031128e-05], 'IO1': [0.01743433009240122], 'IO2': [0.08662849708887554]}, 'Kv723': {'gkbar': [2e-09], 'i': [4.375650532330347e-10], 'ik': [4.375650532330347e-10], 'gk': [5.169410556336591e-11], 'minf': [0.11320016263496147], 'tau1': [50.552982599959634], 'tau2': [145.9500227752938], 'tadjtau': [6.898648307306074], 'm1': [0.22130853503172687], 'm2': [0.5274076450125499]}, 'na8st': {'gbar': [1e-06], 'a1_0': [0.0], 'a1_1': [0.0], 'b1_0': [0.0], 'b1_1': [0.0], 'a2_0': [0.0], 'a2_1': [0.0], 'b2_0': [0.0], 'b2_1': [0.0], 'a3_0': [0.0], 'a3_1': [0.0], 'b3_0': [0.0], 'b3_1': [0.0], 'bh_0': [0.0], 'bh_1': [0.0], 'bh_2': [0.0], 'ah_0': [0.0], 'ah_1': [0.0], 'ah_2': [0.0], 'vShift_inact_local': [0.0], 'g': [1e-06], 'c1': [0.0], 'c2': [0.0], 'c3': [0.0], 'i1': [0.0], 'i2': [0.0], 'i3': [0.0], 'i4': [0.0], 'i5': [0.0], 'i6': [0.0], 'o': [1.0]}, 'SK2': {'gkbar': [5e-06], 'gk': [1.0571591432554824e-07], 'ik': [8.948329635520155e-07], 'acai': [5.270409766493841e-05], 'c1': [0.8471176693538952], 'c2': [0.11497175453680517], 'c3': [0.015395343493644789], 'c4': [0.0013892401716182918], 'o1': [0.002470114033003887], 'o2': [0.018655878411032566]}}, 'ions': 