{
  "python_version": "3.12.2 | packaged by conda-forge | (main, Feb 16 2024, 20:50:58) [GCC 12.3.0]",
  "neuron_version": "NEURON -- VERSION 9.0.1 HEAD (b12a541+) 2025-11-14",
  "dt_ms": 0.025,
  "tstop_ms": 500.0,
  "v_init_mV": -70.0,
  "celsius_C": 34.0,
  "cell_class": "Cav12_50Cell",
  "protocol": {
    "type": "current_clamp",
    "delay_ms": 100.0,
    "dur_ms": 300.0,
    "amp_nA": 0.3
  },
  "channel_overrides": {},
  "bk_split_override": null,
  "morphology": {
    "soma": {
      "L": 20.0,
      "diam": 20.0,
      "nseg": 1
    },
    "dend_prox": {
      "L": 150.0,
      "diam": 2.0,
      "nseg": 9
    },
    "dend_dist": {
      "L": 200.0,
      "diam": 1.2,
      "nseg": 11
    },
    "ais": {
      "L": 30.0,
      "diam": 1.0,
      "nseg": 3
    },
    "axon": {
      "L": 300.0,
      "diam": 1.0,
      "nseg": 11
    }
  },
  "Ra_ohmcm": 300.0,
  "cm_uFcm2": 1.0,
  "soma_psection": "{'point_processes': {'IClamp': {IClamp[0]}}, 'density_mechs': {'pas': {'g': [0.00039], 'e': [-70.0], 'i': [0.0005688377977439886]}, 'BK_Cav12': {'diff': [1.0], 'gakbar': [0.004999999999999999], 'gabkbar': [0.004999999999999999], 'ik': [2.3702646853002512e-07], 'gak': [2.8021813247052175e-08], 'gabk': [2.746500635755479e-13], 'ainf': [5.604886363338487e-06], 'atau': [1.0], 'abinf': [5.4953062846556296e-11], 'abtau': [4.0], 'acai': [7.009225158603605e-05], 'ab': [5.49301563291697e-11], 'a': [5.604375579953392e-06], 'ca_i': [7.009225158603605e-05]}, 'BK_Cav21': {'diff': [1.0], 'gakbar': [0.0125], 'gabkbar': [0.0125], 'ik': [5.924162693597727e-07], 'gak': [7.00368131987464e-08], 'gabk': [6.846158829694881e-13], 'ainf': [5.603467941794007e-06], 'atau': [1.0], 'abinf': [5.4791836988116904e-11], 'abtau': [4.0], 'acai': [7.001198769863282e-05], 'ab': [5.476941123741779e-11], 'a': [5.60295796599844e-06], 'ca_i': [7.001198769863282e-05]}, 'BK_Cav22': {'diff': [1.0], 'gakbar': [0.0125], 'gabkbar': [0.0125], 'ik': [5.923945651263667e-07], 'gak': [7.003424754021362e-08], 'gabk': [6.843249670930373e-13], 'ainf': [5.60326244109523e-06], 'atau': [1.0], 'abinf': [5.476851272847838e-11], 'abtau': [4.0], 'acai': [7.000035762311682e-05], 'ab': [5.474613764961103e-11], 'a': [5.602752707192279e-06], 'ca_i': [7.000035762311682e-05]}, 'Cabuffer': {'tau': [8.0], 'brat': [1.0]}, 'Caold': {'gtcabar': [1e-06], 'gncabar': [1e-06], 'glcabar': [1e-06], 'e_ca': [131.80479838946832], 'gtca': [1.2529663447068817e-12], 'gnca': [3.333622706530164e-13], 'glca': [2.0158260347890635e-17], 'caim': [7.000119868267944e-05], 'ca_i': [7.000119742058263e-05], 'a': [0.013174653159879682], 'b': [0.007220483953990808], 'c': [0.0019305430288775601], 'd': [0.08946112576767333], 'e': [4.489824169415167e-06]}, 'Cav12': {'gbar': [5e-06], 'g': [5.925569579857191e-10], 'm': [0.0001361376788092378], 'h': [0.9618486242134521], 'h2': [0.9050659664328436]}, 'Cav13': {'gbar': [1e-09], 'ilca13': [-5.940060852186913e-10], 'g': [2.8537994053319096e-12], 'm': [0.0033073726604568774], 'h': [0.9533987288004335], 'h2': [0.9050659664328436]}, 'Cav2_1': {'vhalfm': [-29.458], 'cvm': [8.429], 'vhalfh': [-45.0], 'cvh': [10.0], 'vshift': [0.0], 'tauh_base': [50.0], 'tauh_amp': [30.0], 'pcabar': [1e-05], 'ica': [-1.6067700885475484e-08], 'ipca': [-1.6067700885475484e-08], 'minf': [0.009595886084948383], 'hinf': [0.913262787542838], 'taum': [0.19414932811489197], 'tauh': [23.871518230676678], 'gk': [-2.00989912574463], 'm': [0.009595598321313327], 'h': [0.9048418682604669]}, 'Cav22': {'gbar': [1e-05], 'g': [2.3004932068546267e-12], 'm': [0.0004886848264739103], 'h': [0.9633223959286696]}, 'Cav32': {'gbar': [1e-05], 'g': [4.9817933086648474e-09], 'kc1c2': [0.05375147714698028], 'kc2c1': [0.11974766034543137], 'kc2c3': [1.1063935830880047], 'kc3c2': [83.82510364868185], 'kc3o': [0.42], 'koc3': [0.09190517488603227], 'ki2i1': [0.0014968457543178921], 'ki3i2': [0.003415096815316668], 'c1': [0.0043418694092331395], 'c2': [0.002323476917596611], 'c3': [3.119410142259003e-05], 'i1': [0.005313204732857161], 'i2': [0.04057895727932156], 'i3': [0.16951300243911888], 'io': [0.7774001005001098], 'o': [0.0004981946203402231]}, 'HCN': {'gbar': [0.0001], 'i': [-0.0006175284198859108], 'linf': [0.27849995275633355], 'taul': [36.33353051453867], 'g': [2.3179241966329703e-05], 'l1': [0.26366630650406536], 'l2': [0.1043564360068439]}, 'ichan3': {'gnabar': [0.05], 'gkfbar': [0.0005], 'gksbar': [0.0005], 'gkabar': [0.0005], 'ina': [-3.9679489338661687e-07], 'ik': [1.6427142468893576e-05], 'gna': [3.3473094996783148e-09], 'gkf': [8.753775069035861e-14], 'gks': [2.3418105397977855e-10], 'gka': [1.9418393477657257e-06], 'm': [0.004140080801316269], 'n1': [0.003637551101218543], 'h': [0.9434249762982442], 'n2': [0.026160652012134293], 'k': [0.02303394309618955], 'l': [0.16860999949346053]}, 'Kir21': {'gkbar': [0.00015], 'ik': [0.0002277057877428738], 'gk': [2.6920164816970686e-05], 'O': [0.017287797405023262], 'BS': [0.4597335578265893], 'B1': [0.09223154030321401], 'B2': [0.16420098770435163], 'B3': [0.09745939543492423], 'BB': [0.1690867213258975]}, 'Kv11': {'gkbar': [1e-05], 'ik': [2.3437799566666874e-06], 'gk': [2.7708976286288637e-07], 'm': [0.034419058091394145], 'h': [0.805040592972663]}, 'Kv14': {'gkbar': [1e-05], 'scale_a': [1.0], 'scale_i': [1.0], 'gk': [8.542839094294968e-10], 'ik': [7.226010385719298e-09], 'n': [0.26493851592042766], 'h': [0.01734191592056791]}, 'Kv21': {'gkbar': [3e-05], 'ik': [5.163074395287562e-08], 'gk': [6.103964904061699e-09], 'm': [0.0002057243124622845], 'h': [0.9882056979051269]}, 'Kv33': {'gkbar': [0.02], 'ik': [1.861555830477344e-15], 'gk': [2.2007956086312158e-16], 'm': [0.00034537634560348577], 'h': [0.7733827885119544]}, 'Kv34': {'gkbar': [0.002], 'ik': [2.350099569173154e-06], 'gk': [2.778368892839573e-07], 'm': [0.00020148270316670973], 'h': [0.6895107646723382]}, 'Kv42b': {'gkbar': [0.00015], 'ik': [1.6508405272145023e-07], 'gk': [1.9516806981354383e-08], 'O': [0.0001301028636187124], 'C0': [0.0017150430548506523], 'C1': [0.0038175120851678666], 'C2': [0.0032016210386379943], 'C3': [0.0012141368172035954], 'C4': [0.00019288732537087525], 'I0': [1.3325222282495488e-10], 'I1': [1.7190553737602764e-07], 'I2': [7.133303189886425e-05], 'I3': [0.013013116750127764], 'I4': [0.8895654329359819], 'IO1': [0.0004350414162600385], 'IO2': [0.008540393352419759], 'I5': [0.07808655838025741], 'C5': [1.6648909414920113e-05]}, 'Kv42': {'gkbar': [0.00015], 'ik': [5.745694177393271e-07], 'gk': [6.792758136565035e-08], 'O': [0.0004527897371748965], 'C0': [0.3684425225079552], 'C1': [0.002463414279233078], 'C2': [0.0008439516700573821], 'C3': [0.0005589263822293012], 'C4': [0.0004198520832739953], 'I0': [0.5106496185260397], 'I1': [0.011767588499669461], 'I2': [0.00018372294159011194], 'I3': [4.9661946328875116e-05], 'I4': [2.5964771097978242e-05], 'IO1': [0.017447380356860165], 'IO2': [0.08669460629848981]}, 'Kv723': {'gkbar': [2e-09], 'i': [4.349948212292814e-10], 'ik': [4.349948212292814e-10], 'gk': [5.142659041782495e-11], 'minf': [0.11313277181489642], 'tau1': [50.54104835317877], 'tau2': [145.80791785061075], 'tadjtau': [6.898648307306074], 'm1': [0.22085235588193625], 'm2': [0.5268483263910733]}, 'na8st': {'gbar': [1e-06], 'a1_0': [0.0], 'a1_1': [0.0], 'b1_0': [0.0], 'b1_1': [0.0], 'a2_0': [0.0], 'a2_1': [0.0], 'b2_0': [0.0], 'b2_1': [0.0], 'a3_0': [0.0], 'a3_1': [0.0], 'b3_0': [0.0], 'b3_1': [0.0], 'bh_0': [0.0], 'bh_1': [0.0], 'bh_2': [0.0], 'ah_0': [0.0], 'ah_1': [0.0], 'ah_2': [0.0], 'vShift_inact_local': [0.0], 'g': [1e-06], 'c1': [0.0], 'c2': [0.0], 'c3': [0.0], 'i1': [0.0], 'i2': [0.0], 'i3': [0.0], 'i4': [0.0], 'i5': [0.0], 'i6': [0.0], 'o': [1.0]}, 'SK2': {'gkbar': [5e-06], 'gk': [1.0262700348277217e-07], 'ik': [8.680765080978789e-07], 'acai': [5.2447112346136843e-05], 'c1': [0.8484771585479974], 'c2': [0.11449350675495469], 'c3': [0.015174078057769108], 'c4': [0.001346456576776868], 'o1': [0.002434481580035874], 'o2': [0.018074318482466076]}}, 'ions': {'na': {'ena': [50.0], 'nai': [10.0], 'nao': 