{
  "python_version": "3.12.2 | packaged by conda-forge | (main, Feb 16 2024, 20:50:58) [GCC 12.3.0]",
  "neuron_version": "NEURON -- VERSION 9.0.1 HEAD (b12a541+) 2025-11-14",
  "dt_ms": 0.025,
  "tstop_ms": 500.0,
  "v_init_mV": -70.0,
  "celsius_C": 34.0,
  "cell_class": "Cav12_50Cell",
  "protocol": {
    "type": "voltage_clamp",
    "hold_mV": -70.0,
    "step_mV": -50.0,
    "delay_ms": 100.0,
    "dur_ms": 300.0
  },
  "channel_overrides": {},
  "bk_split_override": null,
  "morphology": {
    "soma": {
      "L": 20.0,
      "diam": 20.0,
      "nseg": 1
    },
    "dend_prox": {
      "L": 150.0,
      "diam": 2.0,
      "nseg": 9
    },
    "dend_dist": {
      "L": 200.0,
      "diam": 1.2,
      "nseg": 11
    },
    "ais": {
      "L": 30.0,
      "diam": 1.0,
      "nseg": 3
    },
    "axon": {
      "L": 300.0,
      "diam": 1.0,
      "nseg": 11
    }
  },
  "Ra_ohmcm": 300.0,
  "cm_uFcm2": 1.0,
  "soma_psection": "{'point_processes': {'SEClamp': {SEClamp[0]}}, 'density_mechs': {'pas': {'g': [0.00039], 'e': [-70.0], 'i': [0.0005794389958703796]}, 'BK_Cav12': {'diff': [1.0], 'gakbar': [0.004999999999999999], 'gabkbar': [0.004999999999999999], 'ik': [2.3820280502521708e-07], 'gak': [2.807067406883614e-08], 'gabk': [2.751390982049929e-13], 'ainf': [5.614659401390912e-06], 'atau': [1.0], 'abinf': [5.5050316598132874e-11], 'abtau': [4.0], 'acai': [7.009303008168609e-05], 'ab': [5.502795980850096e-11], 'a': [5.614147765881807e-06], 'ca_i': [7.009303008168609e-05]}, 'BK_Cav21': {'diff': [1.0], 'gakbar': [0.0125], 'gabkbar': [0.0125], 'ik': [5.953552721463277e-07], 'gak': [7.01588053901172e-08], 'gabk': [6.858187553225882e-13], 'ainf': [5.613228311199497e-06], 'atau': [1.0], 'abinf': [5.4887648207762034e-11], 'abtau': [4.0], 'acai': [7.001219018276618e-05], 'ab': [5.48656384177702e-11], 'a': [5.612717365852419e-06], 'ca_i': [7.001219018276618e-05]}, 'BK_Cav22': {'diff': [1.0], 'gakbar': [0.0125], 'gabkbar': [0.0125], 'ik': [5.953330828280207e-07], 'gak': [7.015619079140279e-08], 'gabk': [6.855228756522816e-13], 'ainf': [5.613018964537017e-06], 'atau': [1.0], 'abinf': [5.486388735350917e-11], 'abtau': [4.0], 'acai': [7.000036304606703e-05], 'ab': [5.4841967480405264e-11], 'a': [5.612508193541534e-06], 'ca_i': [7.000036304606703e-05]}, 'Cabuffer': {'tau': [8.0], 'brat': [1.0]}, 'Caold': {'gtcabar': [1e-06], 'gncabar': [1e-06], 'glcabar': [1e-06], 'e_ca': [131.7963774082505], 'gtca': [9.754418417136263e-11], 'gnca': [3.538365622900485e-12], 'glca': [2.0362485029528415e-17], 'caim': [7.004710081075433e-05], 'ca_i': [7.004710158553304e-05], 'a': [0.013222389938386224], 'b': [0.5579382215279879], 'c': [0.0019377279388328545], 'd': [0.942370236977255], 'e': [4.512510427004537e-06]}, 'Cav12': {'gbar': [5e-06], 'g': [5.97309409050787e-10], 'm': [0.00013669104905046718], 'h': [0.9656865863303189], 'h2': [0.9050181030654457]}, 'Cav13': {'gbar': [1e-09], 'ilca13': [-6.208264405538314e-10], 'g': [2.9831507637581594e-12], 'm': [0.0033253422412596358], 'h': [0.9912570027322475], 'h2': [0.9050181030654457]}, 'Cav2_1': {'vhalfm': [-29.458], 'cvm': [8.429], 'vhalfh': [-45.0], 'cvh': [10.0], 'vshift': [0.0], 'tauh_base': [50.0], 'tauh_amp': [30.0], 'pcabar': [1e-05], 'ica': [-1.6312254047381434e-08], 'ipca': [-1.6312254047381434e-08], 'minf': [0.009626583582089987], 'hinf': [0.9130472198896729], 'taum': [0.19415417273352573], 'tauh': [23.871447913881017], 'gk': [-2.0091254337012208], 'm': [0.009626293119957767], 'h': [0.9101988659687086]}, 'Cav22': {'gbar': [1e-05], 'g': [2.332872631721002e-12], 'm': [0.0004905213800797474], 'h': [0.9695734255050662]}, 'Cav32': {'gbar': [1e-05], 'g': [4.9735252342766875e-09], 'kc1c2': [0.05382386365702422], 'kc2c1': [0.11968500561010917], 'kc2c3': [1.1079798127890665], 'kc3c2': [83.55822457310985], 'kc3o': [0.42], 'koc3': [0.09183912790173356], 'ki2i1': [0.0014960625701263648], 'ki3i2': [0.003404223964089661], 'c1': [0.006115327662287993], 'c2': [0.0030865471294277014], 'c3': [4.138499927865861e-05], 'i1': [0.059251861347123694], 'i2': [0.049331923320486505], 'i3': [0.157870619644117], 'io': [0.723804964364348], 'o': [0.0004973715329304089]}, 'HCN': {'gbar': [0.0001], 'i': [-0.0006537126620082077], 'linf': [0.2777313021631311], 'taul': [36.3127412611759], 'g': [2.4562497207903802e-05], 'l1': [0.2706992422205108], 'l2': [0.14536150355705527]}, 'ichan3': {'gnabar': [0.05], 'gkfbar': [0.0005], 'gksbar': [0.0005], 'gkabar': [0.0005], 'ina': [-4.0241036942129135e-07], 'ik': [1.6781697293665327e-05], 'gna': [3.3954595241775985e-09], 'gkf': [8.916464271356654e-14], 'gks': [2.380400688572487e-10], 'gka': [1.9773968257486904e-06], 'm': [0.004160158756560402], 'n1': [0.0036543353550207176], 'h': [0.9432066522522553], 'n2': [0.026267784951249203], 'k': [0.02307440525888634], 'l': [0.17139349302460274]}, 'Kir21': {'gkbar': [0.00015], 'ik': [0.0002571905978417529], 'gk': [3.0308560841715617e-05], 'O': [0.019548493186596832], 'BS': [0.5067394445550114], 'B1': [0.10454699927782303], 'B2': [0.1864212931252814], 'B3': [0.110808862014882], 'BB': [0.07193490784040525]}, 'Kv11': {'gkbar': [1e-05], 'ik': [2.34778853264464e-06], 'gk': [2.766745448016931e-07], 'm': [0.03424369764214882], 'h': [0.8079624128213118]}, 'Kv14': {'gkbar': [1e-05], 'scale_a': [1.0], 'scale_i': [1.0], 'gk': [1.4086171065013722e-08], 'ik': [1.1953159955142926e-07], 'n': [0.26532877720220593], 'h': [0.2842252504602117]}, 'Kv21': {'gkbar': [3e-05], 'ik': [2.9588074241455285e-08], 'gk': [3.4867991126492188e-09], 'm': [0.00011625734931799098], 'h': [0.9997401358740607]}, 'Kv33': {'gkbar': [0.02], 'ik': [1.957490576761066e-15], 'gk': [2.3067998107517214e-16], 'm': [0.00034617107780479265], 'h': [0.8032070416643967]}, 'Kv34': {'gkbar': [0.002], 'ik': [3.133048904036067e-06], 'gk': [3.692133543173865e-07], 'm': [0.00020204800735787223], 'h': [0.9136857448751572]}, 'Kv42b': {'gkbar': [0.00015], 'ik': [8.266199512443917e-08], 'gk': [9.741281872474179e-09], 'O': [6.493861301621362e-05], 'C0': [0.001595911782852302], 'C1': [0.0035546437181550915], 'C2': [0.002979432272498486], 'C3': [0.001124093564295328], 'C4': [0.0001719578674425351], 'I0': [1.3228135665871976e-10], 'I1': [1.7181305480293817e-07], 'I2': [7.146002926871329e-05], 'I3': [0.013062715729872658], 'I4': [0.8947479808510915], 'IO1': [0.00020008645294205198], 'IO2': [0.003760785855130231], 'I5': [0.0786512618353108], 'C5': [1.455948278794549e-05]}, 'Kv42': {'gkbar': [0.00015], 'ik': [1.8845302486129187e-13], 'gk': [2.220819896895373e-14], 'O': [1.4803475818855267e-10], 'C0': [0.9489792368184422], 'C1': [0.0018724072961779164], 'C2': [1.3861113453178598e-06], 'C3': [6.392185308467154e-10], 'C4': [1.3751363636950303e-10], 'I0': [0.04808244500525831], 'I1': [0.0010557808586744606], 'I2': [8.677220429791724e-06], 'I3': [3.168006060847116e-08], 'I4': [5.1819828549818396e-11], 'IO1': [5.702337635154397e-09], 'IO2': [2.833068717305747e-08]}, 'Kv723': {'gkbar': [2e-09], 'i': [8.186274885318209e-11], 'ik': [8.186274885318209e-11], 'gk': [9.647094898132238e-12], 'minf': [0.1134408629221234], 'tau1': [50.59560823687045], 'tau2': [146.45757997886128], 'tadjtau': [0.0], 'm1': [0.15821421013509765], 'm2': [0.19262986771243007]}, 'na8st': {'gbar': [1e-06], 'a1_0': [0.0], 'a1_1': [0.0], 'b1_0': [0.0], 'b1_1': [0.0], 'a2_0': [0.0], 'a2_1': [0.0], 'b2_0': [0.0], 'b2_1': [0.0], 'a3_0': [0.0], 'a3_1': [0.0], 'b3_0': [0.0], 'b3_1': [0.0], 'bh_0': [0.0], 'bh_1': [0.0], 'bh_2': [0.0], 'ah_0': [0.0], 'ah_1': [0.0], 'ah_2': [0.0], 'vShift_inact_local': [0.0], 'g': [1e-06], 'c1': [0.0], 'c2': [0.0], 'c3': [0.0], 'i1': [0.0], 'i2': [0.0], 'i3': [0.0], 'i4': [0.0], 'i5': [0.0], 'i6': [0.0], 'o': [1.0]}, 'SK2': {'gkbar': [5e-06], 'gk': [2.51626257524437e-08], 'ik': [2.1352352539392164e-07], 'acai': [5.247702364451359e-05], 'c1': [0.8687669431427952], 'c2': [0.11396549043023518], 'c3': [0.011976583998628762], 'c4': [0.0002585670551945345], 'o1': [0.0019162264235731616], 'o2': [0.0031161889495730562]}}, 'ions': {'na': {'ena': [50.0], 'nai': [10.0], 