"condition","current_nA","firing_rate_hz","frequency_bin","ap1_peak_mV"
"WT",0.5,33.3333333333333,"40-80 Hz",31.5274701365795
"WT",0.9,56.6666666666667,"40-80 Hz",35.7103677599514
"Cav1.2 50%",0.5,33.3333333333333,"40-80 Hz",31.5163409399744
"Cav1.2 50%",0.9,56.6666666666667,"40-80 Hz",35.6987900304564
"Cav1.2 50% BK_Cav1.2 removed",0.5,33.3333333333333,"40-80 Hz",31.5163407174911
"Cav1.2 50% BK_Cav1.2 removed",0.9,56.6666666666667,"40-80 Hz",35.6987892520003
