"condition","frequency_bin","n_sweeps_in_bin","ap1_amplitude_mV","ap5_amplitude_mV","amplitude_reduction_AP1_to_AP5_mV","ap1_third_width_ms","ap5_third_width_ms","width_increase_AP1_to_AP5_ms","inst_freq_first_hz","inst_freq_last_hz","inst_freq_reduction_hz"
"WT","10-40 Hz",4,95.4352616501028,82.698906754222,12.7363548958808,2.06335461565647,2.65159525724695,0.588240641590481,37.8839548533233,25.1256281407035,12.7583267126197
"WT","40-80 Hz",9,101.16824354036,88.8093782890414,12.3588652513184,1.97149086122488,2.22672117225738,0.255230311032499,65.7999511931749,45.4517407313494,20.3482104618256
"Cav1.2 50%","10-40 Hz",4,95.4250788623352,82.7644036295541,12.6606752327811,2.06365363905558,2.64519416947357,0.581540530417993,37.9760351379321,25.2525252525252,12.7235098854069
"Cav1.2 50%","40-80 Hz",9,101.156793036299,88.8540417255498,12.3027513107495,1.97172526744464,2.22495796706546,0.253232699620816,65.8785626465208,45.5643698056612,20.3141928408595
"Cav1.2 50% BK_Cav1.2 removed","10-40 Hz",4,95.4250767532148,82.7645829032582,12.6604938499566,2.0636535583878,2.64518268723512,0.581529128847325,37.9760351379321,25.2525252525252,12.7235098854069
"Cav1.2 50% BK_Cav1.2 removed","40-80 Hz",9,101.156791844421,88.8540566794662,12.3027351649545,1.97172522617087,2.22495687091571,0.253231644744847,65.8785626465208,45.5643698056612,20.3141928408595
