"condition","max_firing_rate_hz","current_nA"
"Cav1.2 50%",56.6666666666667,0.85
"Cav1.2 50% BK_Cav1.2 removed",56.6666666666667,0.85
"WT",56.6666666666667,0.85
