{
  "python_version": "3.12.2 | packaged by conda-forge | (main, Feb 16 2024, 20:50:58) [GCC 12.3.0]",
  "neuron_version": "NEURON -- VERSION 9.0.1 HEAD (b12a541+) 2025-11-14",
  "dt_ms": 0.025,
  "tstop_ms": 500.0,
  "v_init_mV": -70.0,
  "celsius_C": 34.0,
  "morphology": {
    "soma": {
      "L": 20.0,
      "diam": 20.0,
      "nseg": 1
    },
    "dend_prox": {
      "L": 150.0,
      "diam": 2.0,
      "nseg": 9
    },
    "dend_dist": {
      "L": 200.0,
      "diam": 1.2,
      "nseg": 11
    },
    "axon": {
      "L": 300.0,
      "diam": 1.0,
      "nseg": 11
    }
  },
  "Ra_ohmcm": 300.0,
  "cm_uFcm2": 1.0,
  "soma_psection": "{'point_processes': {'IClamp': {IClamp[0]}}, 'density_mechs': {'pas': {'g': [0.00039], 'e': [-70.0], 'i': [0.0005688762987002562]}, 'BK_Cav12': {'diff': [1.0], 'gakbar': [0.009999999999999998], 'gabkbar': [0.009999999999999998], 'ik': [4.741988273208779e-07], 'gak': [5.606021800361596e-08], 'gabk': [5.511522347837031e-13], 'ainf': [5.6065497948986e-06], 'atau': [1.0], 'abinf': [5.513895999684974e-11], 'abtau': [4.0], 'acai': [7.018434945409034e-05], 'ab': [5.511537136897127e-11], 'a': [5.606034836593164e-06], 'ca_i': [7.018434945409034e-05]}, 'BK_Cav21': {'diff': [1.0], 'gakbar': [0.009999999999999998], 'gabkbar': [0.009999999999999998], 'ik': [4.739412764918377e-07], 'gak': [5.6029773267764767e-08], 'gabk': [5.476947526166415e-13], 'ainf': [5.603503402739367e-06], 'atau': [1.0], 'abinf': [5.479218188648151e-11], 'abtau': [4.0], 'acai': [7.00119866906178e-05], 'ab': [5.476961673550299e-11], 'a': [5.602990315638281e-06], 'ca_i': [7.00119866906178e-05]}, 'BK_Cav22': {'diff': [1.0], 'gakbar': [0.009999999999999998], 'gabkbar': [0.009999999999999998], 'ik': [4.7392391422086374e-07], 'gak': [5.6027720896797517e-08], 'gabk': [5.474620249252408e-13], 'ainf': [5.603297915894867e-06], 'atau': [1.0], 'abinf': [5.476885919972727e-11], 'abtau': [4.0], 'acai': [7.000035747278139e-05], 'ab': [5.474634365535076e-11], 'a': [5.602785072375261e-06], 'ca_i': [7.000035747278139e-05]}, 'Cabuffer': {'tau': [8.0], 'brat': [1.0]}, 'Caold': {'gtcabar': [1e-06], 'gncabar': [1e-06], 'glcabar': [1e-06], 'e_ca': [131.80479722211317], 'gtca': [1.2517040465453643e-12], 'gnca': [3.33388409688089e-13], 'glca': [2.0158998296475665e-17], 'caim': [7.000120504375843e-05], 'ca_i': [7.000120376240789e-05], 'a': [0.013174736558098633], 'b': [0.007213120588924525], 'c': [0.0019305673360278887], 'd': [0.08946589193458222], 'e': [4.489906525209088e-06]}, 'Cav12': {'gbar': [1e-05], 'g': [1.184510127107645e-09], 'm': [0.00013613968445633362], 'h': [0.9617895886954531], 'h2': [0.9046471082837005]}, 'Cav13': {'gbar': [1e-09], 'ilca13': [-5.932290325337171e-10], 'g': [2.8509496495368244e-12], 'm': [0.0033074377461511607], 'h': [0.9528692666331132], 'h2': [0.9046471082837005]}, 'Cav2_1': {'vhalfm': [-29.458], 'cvm': [8.429], 'vhalfh': [-45.0], 'cvh': [10.0], 'vshift': [0.0], 'tauh_base': [50.0], 'tauh_amp': [30.0], 'pcabar': [1e-05], 'ica': [-1.6066952381782696e-08], 'ipca': [-1.6066952381782696e-08], 'minf': [0.009595997631604588], 'hinf': [0.9132620038685658], 'taum': [0.1941493457465151], 'tauh': [23.87151797519179], 'gk': [-2.0098963084127526], 'm': [0.009595708123821503], 'h': [0.9047700649237118]}, 'Cav22': {'gbar': [1e-05], 'g': [2.30031624196829e-12], 'm': [0.0004886912067720143], 'h': [0.9632232975475697]}, 'Cav32': {'gbar': [1e-05], 'g': [4.981181662514227e-09], 'kc1c2': [0.053751740418896146], 'kc2c1': [0.11974743225596728], 'kc2c3': [1.1063993520034079], 'kc3c2': [83.82413080656123], 'kc3o': [0.42], 'koc3': [0.09190493442394093], 'ki2i1': [0.001496842903199591], 'ki3i2': [0.00341505718100805], 'c1': [0.0043370012759469095], 'c2': [0.0023213183684838976], 'c3': [3.1166228570220056e-05], 'i1': [0.005296799700906844], 'i2': [0.040562258253487804], 'i3': [0.1695197128237919], 'io': [0.7774336098865412], 'o': [0.0004981334622712163]}, 'HCN': {'gbar': [0.0001], 'i': [-0.0006173981670251017], 'linf': [0.27849715290874155], 'taul': [36.333454862204874], 'g': [2.3174438732588795e-05], 'l1': [0.2636396300110283], 'l2': [0.10422306019305248]}, 'ichan3': {'gnabar': [0.05], 'gkfbar': [0.0005], 'gksbar': [0.0005], 'gkabar': [0.0005], 'ina': [-3.968151814408749e-07], 'ik': [1.6426369807585e-05], 'gna': [3.3474834347924436e-09], 'gkf': [8.754236577797314e-14], 'gks': [2.3418298586737355e-10], 'gka': [1.9417253344056155e-06], 'm': [0.0041401533784755145], 'n1': [0.003637599186679525], 'h': [0.9434244869027961], 'n2': [0.02616070715886503], 'k': [0.023034088091836186], 'l': [0.1685990492351218]}, 'Kir21': {'gkbar': [0.00015], 'ik': [0.0002276196975680284], 'gk': [2.6909672874519957e-05], 'O': [0.017280495997352634], 'BS': [0.4595941876951401], 'B1': [0.09219272711075911], 'B2': [0.16413258114190155], 'B3': [0.09741924509145405], 'BB': [0.16938076296339247]}, 'Kv11': {'gkbar': [1e-05], 'ik': [2.343902277245147e-06], 'gk': [2.7710098996005626e-07], 'm': [0.03442165981004471], 'h': [0.8050122551374124]}, 'Kv14': {'gkbar': [1e-05], 'scale_a': [1.0], 'scale_i': [1.0], 'gk': [8.429255550473269e-10], 'ik': [7.130018295165089e-09], 'n': [0.2649390546269791], 'h': [0.017111242304427635]}, 'Kv21': {'gkbar': [3e-05], 'ik': [5.184729596725049e-08], 'gk': [6.129494893517063e-09], 'm': [0.0002065981456317014], 'h': [0.9881372338288168]}, 'Kv33': {'gkbar': [0.02], 'ik': [1.8606518943831084e-15], 'gk': [2.1997012712944618e-16], 'm': [0.000345378784588713], 'h': [0.7729765615152854]}, 'Kv34': {'gkbar': [0.002], 'ik': [2.347625223750767e-06], 'gk': [2.775411244197097e-07], 'm': [0.00020148453344039639], 'h': [0.6887706241518715]}, 'Kv42b': {'gkbar': [0.00015], 'ik': [1.6535997951377114e-07], 'gk': [1.9549199839890844e-08], 'O': [0.00013031879671479777], 'C0': [0.0017140181047932072], 'C1': [0.003815291257290294], 'C2': [0.003199836252137636], 'C3': [0.0012135262935071963], 'C4': [0.00019283777190347], 'I0': [1.3324105405970197e-10], 'I1': [1.7189920744879615e-07], 'I2': [7.133110047147946e-05], 'I3': [0.013012860293349646], 'I4': [0.8895543121135759], 'IO1': [0.0004358463457857904], 'IO2': [0.008557024883630852], 'I5': [0.07808597852743797], 'C5': [1.6646226953183304e-05]}, 'Kv42': {'gkbar': [0.00015], 'ik': [5.749651317972277e-07], 'gk': [6.797357072445154e-08], 'O': [0.00045309629075815475], 'C0': [0.3679313857418763], 'C1': [0.002463614225333547], 'C2': [0.0008445254257982379], 'C3': [0.0005593073812162837], 'C4': [0.00042013844507778704], 'I0': [0.5110780152309367], 'I1': [0.011778238146226763], 'I2': [0.00018387641228505345], 'I3': [4.969598447369935e-05], 'I4': [2.5982584084581238e-05], 'IO1': [0.01745917467516124], 'IO2': [0.0867529494567715]}, 'Kv723': {'gkbar': [2e-09], 'i': [4.3618854997914246e-10], 'ik': [4.3618854997914246e-10], 'gk': [5.156711531101957e-11], 'minf': [0.11313389310311871], 'tau1': [50.54124692221747], 'tau2': [145.81028227618415], 'tadjtau': [6.898648307306074], 'm1': [0.22112489355866335], 'm2': [0.5269861947117266]}, 'na8st': {'gbar': [1e-06], 'a1_0': [0.0], 'a1_1': [0.0], 'b1_0': [0.0], 'b1_1': [0.0], 'a2_0': [0.0], 'a2_1': [0.0], 'b2_0': [0.0], 'b2_1': [0.0], 'a3_0': [0.0], 'a3_1': [0.0], 'b3_0': [0.0], 'b3_1': [0.0], 'bh_0': [0.0], 'bh_1': [0.0], 'bh_2': [0.0], 'ah_0': [0.0], 'ah_1': [0.0], 'ah_2': [0.0], 'vShift_inact_local': [0.0], 'g': [1e-06], 'c1': [0.0], 'c2': [0.0], 'c3': [0.0], 'i1': [0.0], 'i2': [0.0], 'i3': [0.0], 'i4': [0.0], 'i5': [0.0], 'i6': [0.0], 'o': [1.0]}, 'SK2': {'gkbar': [5e-06], 'gk': [1.0541479458057606e-07], 'ik': [8.916676086518426e-07], 'acai': [5.270296476314263e-05], 'c1': [0.8471992544578846], 'c2': [0.11496745992200058], 'c3': [0.015382439108095019], 'c4': [0.0013850142490087803], 'o1': [0.0024680233995986248], 'o2': [0.018597808863412394]}}, 'ions': {'na': {'ena': [50.0], 'nai': [10.0], 'nao': [140.0], 'ina': [-0.00011893815800528636], 'dina_dv_': [1.003347483437001e-06]}, 'k': {'ek': [-77.0], 'ki': [54.4], 'ko': [2.5], 'ik': [0.00025185106511927877], 'dik_dv_': [2.9774355417846026e-05]}, 'lca': {'elca': [0.0], 'lcai': 