{
  "python_version": "3.12.2 | packaged by conda-forge | (main, Feb 16 2024, 20:50:58) [GCC 12.3.0]",
  "neuron_version": "NEURON -- VERSION 9.0.1 HEAD (b12a541+) 2025-11-14",
  "dt_ms": 0.025,
  "tstop_ms": 500.0,
  "v_init_mV": -70.0,
  "celsius_C": 34.0,
  "morphology": {
    "soma": {
      "L": 20.0,
      "diam": 20.0,
      "nseg": 1
    },
    "dend_prox": {
      "L": 150.0,
      "diam": 2.0,
      "nseg": 9
    },
    "dend_dist": {
      "L": 200.0,
      "diam": 1.2,
      "nseg": 11
    },
    "axon": {
      "L": 300.0,
      "diam": 1.0,
      "nseg": 11
    }
  },
  "Ra_ohmcm": 100.0,
  "cm_uFcm2": 1.0,
  "soma_psection": "{'point_processes': {'IClamp': {IClamp[0]}}, 'density_mechs': {'pas': {'g': [0.00039], 'e': [-70.0], 'i': [0.0005693592363027955]}, 'BK_Cav12': {'diff': [1.0], 'gakbar': [0.009999999999999998], 'gabkbar': [0.009999999999999998], 'ik': [4.743073681665681e-07], 'gak': [5.60648422006165e-08], 'gabk': [5.512096041982022e-13], 'ainf': [5.60700121037813e-06], 'atau': [1.0], 'abinf': [5.514416500727177e-11], 'abtau': [4.0], 'acai': [7.018476450284619e-05], 'ab': [5.512110499621993e-11], 'a': [5.606496984598046e-06], 'ca_i': [7.018476450284619e-05]}, 'BK_Cav21': {'diff': [1.0], 'gakbar': [0.009999999999999998], 'gabkbar': [0.009999999999999998], 'ik': [4.740491804608952e-07], 'gak': [5.603432664847844e-08], 'gabk': [5.477433508988874e-13], 'ainf': [5.603947887919975e-06], 'atau': [1.0], 'abinf': [5.479659550520298e-11], 'abtau': [4.0], 'acai': [7.001202341636845e-05], 'ab': [5.4774473783615096e-11], 'a': [5.60344538575082e-06], 'ca_i': [7.001202341636845e-05]}, 'BK_Cav22': {'diff': [1.0], 'gakbar': [0.009999999999999998], 'gabkbar': [0.009999999999999998], 'ik': [4.740317592343595e-07], 'gak': [5.603226760985785e-08], 'gabk': [5.475098939997668e-13], 'ainf': [5.6037417597074485e-06], 'atau': [1.0], 'abinf': [5.4773200009203626e-11], 'abtau': [4.0], 'acai': [7.000035882579134e-05], 'ab': [5.475112778338574e-11], 'a': [5.6032394763495295e-06], 'ca_i': [7.000035882579134e-05]}, 'Cabuffer': {'tau': [8.0], 'brat': [1.0]}, 'Caold': {'gtcabar': [1e-06], 'gncabar': [1e-06], 'glcabar': [1e-06], 'e_ca': [131.80479222700149], 'gtca': [1.3423167112289073e-12], 'gnca': [3.821472471447813e-13], 'glca': [2.0168257539542687e-17], 'caim': [7.000123226281675e-05], 'ca_i': [7.000123108719342e-05], 'a': [0.01317716764764425], 'b': [0.007732311193279], 'c': [0.0019309000607095706], 'd': [0.10251272387074062], 'e': [4.49093692522091e-06]}, 'Cav12': {'gbar': [1e-05], 'g': [1.1868830167642346e-09], 'm': [0.00013616484484502757], 'h': [0.9635457065323371], 'h2': [0.9046390493552376]}, 'Cav13': {'gbar': [1e-09], 'ilca13': [-6.036109240187788e-10], 'g': [2.900877654430021e-12], 'm': [0.0033082542584493085], 'h': [0.9693161087825036], 'h2': [0.9046390493552376]}, 'Cav2_1': {'vhalfm': [-29.458], 'cvm': [8.429], 'vhalfh': [-45.0], 'cvh': [10.0], 'vshift': [0.0], 'tauh_base': [50.0], 'tauh_amp': [30.0], 'pcabar': [1e-05], 'ica': [-1.6106584159661283e-08], 'ipca': [-1.6106584159661283e-08], 'minf': [0.009597393119446877], 'hinf': [0.9132522000490592], 'taum': [0.19414956630729627], 'tauh': [23.871514778968912], 'gk': [-2.0098610834778072], 'm': [0.009597109624584495], 'h': [0.9066182264415668]}, 'Cav22': {'gbar': [1e-05], 'g': [2.3073230411403096e-12], 'm': [0.0004887756906055948], 'h': [0.965820497532846]}, 'Cav32': {'gbar': [1e-05], 'g': [4.9902661019776896e-09], 'kc1c2': [0.053755033895881425], 'kc2c1': [0.11974457903525525], 'kc2c3': [1.1064715200910265], 'kc3c2': [83.81196211028883], 'kc3o': [0.42], 'koc3': [0.09190192644580328], 'ki2i1': [0.0014968072379406905], 'ki3i2': [0.0034145614193080635], 'c1': [0.004479143943930267], 'c2': [0.0023824533445385883], 'c3': [3.197567805778209e-05], 'i1': [0.007808818636995836], 'i2': [0.04091549730058024], 'i3': [0.1689707926269422], 'io': [0.7749122764734971], 'o': [0.0004990419954579214]}, 'HCN': {'gbar': [0.0001], 'i': [-0.0006214580153499699], 'linf': [0.2784621300160595], 'taul': [36.33250849263944], 'g': [2.3327912051912003e-05], 'l1': [0.2640141788789165], 'l2': [0.11039673700891516]}, 'ichan3': {'gnabar': [0.05], 'gkfbar': [0.0005], 'gksbar': [0.0005], 'gkabar': [0.0005], 'ina': [-3.970692775347405e-07], 'ik': [1.6454200402369228e-05], 'gna': [3.349661948881117e-09], 'gkf': [8.761982942614988e-14], 'gks': [2.3440065371635255e-10], 'gka': [1.944730575065306e-06], 'm': [0.004141066624990341], 'n1': [0.0036384031491116437], 'h': [0.9434136544365236], 'n2': [0.02616678078139222], 'k': [0.02303593627576641], 'l': [0.1688461970073611]}, 'Kir21': {'gkbar': [0.00015], 'ik': [0.00022822552718968877], 'gk': [2.6977345972098324e-05], 'O': [0.01732447766476212], 'BS': [0.4605703331699497], 'B1': [0.0924353033203581], 'B2': [0.16457545589988495], 'B3': [0.09768836271853408], 'BB': [0.16740606722651108]}, 'Kv11': {'gkbar': [1e-05], 'ik': [2.347521720596468e-06], 'gk': [2.774882652846719e-07], 'm': [0.03441749320704473], 'h': [0.806235282639331]}, 'Kv14': {'gkbar': [1e-05], 'scale_a': [1.0], 'scale_i': [1.0], 'gk': [1.8213564818452233e-09], 'ik': [1.5408485464041032e-08], 'n': [0.26495942623424984], 'h': [0.03695848529558557]}, 'Kv21': {'gkbar': [3e-05], 'ik': [4.6280547618609205e-08], 'gk': [5.470581491296912e-09], 'm': [0.00018364768978886437], 'h': [0.9922582502722214]}, 'Kv33': {'gkbar': [0.02], 'ik': [1.8958578523582366e-15], 'gk': [2.240994415777088e-16], 'm': [0.0003454164132092225], 'h': [0.7871398554752584]}, 'Kv34': {'gkbar': [0.002], 'ik': [2.530557215712067e-06], 'gk': [2.991239339047022e-07], 'm': [0.00020151099419377859], 'h': [0.7422274239091591]}, 'Kv42b': {'gkbar': [0.00015], 'ik': [1.483783310129756e-07], 'gk': [1.753902650500885e-08], 'O': [0.00011691885966951248], 'C0': [0.0017048177221464767], 'C1': [0.0037939727247595255], 'C2': [0.0031803490478993063], 'C3': [0.0012042723488678456], 'C4': [0.00018971914416309761], 'I0': [1.3328076450442687e-10], 'I1': [1.7204122551121786e-07], 'I2': [7.139869102584039e-05], 'I3': [0.013026412440976281], 'I4': [0.8905624464965204], 'IO1': [0.0003872757316611395], 'IO2': [0.007566487058505363], 'I5': [0.0781794468625153], 'C5': [1.6310696783700763e-05]}, 'Kv42': {'gkbar': [0.00015], 'ik': [5.544326628916831e-07], 'gk': [6.553658545228877e-08], 'O': [0.0004368517011357025], 'C0': [0.4054593633318639], 'C1': [0.002474265436137138], 'C2': [0.0008144321453007478], 'C3': [0.000539309823977345], 'C4': [0.0004051076013301742], 'I0': [0.4781558204446662], 'I1': [0.011019839246152295], 'I2': [0.00017446762191035393], 'I3': [4.7919463365612915e-05], 'I4': [2.505684229526709e-05], 'IO1': [0.01683275639505329], 'IO2': [0.08361480994681196]}, 'Kv723': {'gkbar': [2e-09], 'i': [4.046051490295842e-10], 'ik': [4.046051490295842e-10], 'gk': [4.782625862176842e-11], 'minf': [0.11314791972181903], 'tau1': [50.54373089746676], 'tau2': [145.83985977044887], 'tadjtau': [6.898648307306074], 'm1': [0.21329353711935417], 'm2': [0.5253162842366258]}, 'na8st': {'gbar': [1e-06], 'a1_0': [0.0], 'a1_1': [0.0], 'b1_0': [0.0], 'b1_1': [0.0], 'a2_0': [0.0], 'a2_1': [0.0], 'b2_0': [0.0], 'b2_1': [0.0], 'a3_0': [0.0], 'a3_1': [0.0], 'b3_0': [0.0], 'b3_1': [0.0], 'bh_0': [0.0], 'bh_1': [0.0], 'bh_2': [0.0], 'ah_0': [0.0], 'ah_1': [0.0], 'ah_2': [0.0], 'vShift_inact_local': [0.0], 'g': [1e-06], 'c1': [0.0], 'c2': [0.0], 'c3': [0.0], 'i1': [0.0], 'i2': [0.0], 'i3': [0.0], 'i4': [0.0], 'i5': [0.0], 'i6': [0.0], 'o': [1.0]}, 'SK2': {'gkbar': [5e-06], 'gk': [1.0105474901753895e-07], 'ik': [8.549126142135333e-07], 'acai': [5.270790177324226e-05], 'c1': [0.8483329932716566], 'c2': [0.11494459427631808], 'c3': [0.015203889468220901], 'c4': [0.001323771013774813], 'o1': [0.002439081644727118], 'o2': [0.01775567032530254]}}, 'ions': {'na': {'ena': [50.0], 'nai': [10.0], 'nao': [140.0], 'ina': [-0.00011893717379983526], 'dina_dv_': [1.0033496619646602e-06]}, 'k': {'ek': [-77.0], 'ki': [54.4], 'ko': [2.5], 'ik': [0.0002526000120844741], 'dik_dv_': [2.985852635552266e-05]}, 'lca': {'elca': [0.0], 'lcai': 