{
  "python_version": "3.12.2 | packaged by conda-forge | (main, Feb 16 2024, 20:50:58) [GCC 12.3.0]",
  "neuron_version": "NEURON -- VERSION 9.0.1 HEAD (b12a541+) 2025-11-14",
  "dt_ms": 0.025,
  "tstop_ms": 500.0,
  "v_init_mV": -70.0,
  "celsius_C": 34.0,
  "morphology": {
    "soma": {
      "L": 20.0,
      "diam": 20.0,
      "nseg": 1
    },
    "dend_prox": {
      "L": 150.0,
      "diam": 2.0,
      "nseg": 9
    },
    "dend_dist": {
      "L": 200.0,
      "diam": 1.2,
      "nseg": 11
    },
    "axon": {
      "L": 300.0,
      "diam": 1.0,
      "nseg": 11
    }
  },
  "Ra_ohmcm": 100.0,
  "cm_uFcm2": 1.0,
  "soma_psection": "{'point_processes': {'SEClamp': {SEClamp[0]}}, 'density_mechs': {'pas': {'g': [0.00039], 'e': [-70.0], 'i': [0.0005772122181614401]}, 'BK_Cav12': {'diff': [1.0], 'gakbar': [3.3333333333333335e-05], 'gabkbar': [3.3333333333333335e-05], 'ik': [1.6002634465728527e-09], 'gak': [1.8870758686602277e-10], 'gabk': [2.0280586482766567e-15], 'ainf': [5.661825013340941e-06], 'atau': [1.0], 'abinf': [6.088558200409408e-11], 'abtau': [4.0], 'acai': [7.286339517219492e-05], 'ab': [6.084203248514448e-11], 'a': [5.661242356020962e-06], 'ca_i': [7.286339517219492e-05]}, 'BK_Cav21': {'diff': [1.0], 'gakbar': [3.3333333333333335e-05], 'gabkbar': [3.3333333333333335e-05], 'ik': [1.5859407502708835e-09], 'gak': [1.8701879602821034e-10], 'gabk': [1.8279308693488327e-15], 'ainf': [5.6111254580816745e-06], 'atau': [1.0], 'abinf': [5.486159113383135e-11], 'abtau': [4.0], 'acai': [7.00091967165449e-05], 'ab': [5.4838073525801874e-11], 'a': [5.610577746237654e-06], 'ca_i': [7.00091967165449e-05]}, 'BK_Cav22': {'diff': [1.0], 'gakbar': [3.3333333333333335e-05], 'gabkbar': [3.3333333333333335e-05], 'ik': [1.5858995463390762e-09], 'gak': [1.870139376440253e-10], 'gabk': [1.8273787827589613e-15], 'ainf': [5.610979702587502e-06], 'atau': [1.0], 'abinf': [5.484504851050521e-11], 'abtau': [4.0], 'acai': [7.000095915723124e-05], 'ab': [5.4821511052556236e-11], 'a': [5.610431994614117e-06], 'ca_i': [7.000095915723124e-05]}, 'Cabuffer': {'tau': [9.0], 'brat': [1.0]}, 'Caold': {'gtcabar': [1e-05], 'gncabar': [1e-05], 'glcabar': [1e-05], 'e_ca': [131.71907980891973], 'gtca': [9.738303250224588e-10], 'gnca': [3.5327814614875636e-11], 'glca': [2.0319416494823312e-16], 'caim': [7.046985285762883e-05], 'ca_i': [7.04698611731386e-05], 'a': [0.013211400564467124], 'b': [0.5579439486527552], 'c': [0.0019361955666582975], 'd': [0.9423735657494005], 'e': [4.507737838874249e-06]}, 'Cav12': {'gbar': [5e-05], 'g': [5.932914269626162e-09], 'm': [0.00013657462755426895], 'h': [0.9657073089445308], 'h2': [0.8996774488467604]}, 'Cav2_1': {'vhalfm': [-29.458], 'cvm': [8.429], 'vshift': [0.0], 'pcabar': [2.2e-06], 'ica': [-3.9351383218042655e-09], 'ipca': [-3.9351383218042655e-09], 'minf': [0.00962013046317394], 'taum': [0.1941531555761955], 'gk': [-2.009287852341291], 'm': [0.009619819169928228]}, 'Cav22': {'gbar': [1e-05], 'g': [2.0034127852449855e-12], 'm': [0.0004901316592783836], 'h': [0.8339865622686184]}, 'Cav32': {'gbar': [1e-05], 'g': [4.9714360820473025e-09], 'kc1c2': [0.053808657735600646], 'kc2c1': [0.11969815750612306], 'kc2c3': [1.1076465889356923], 'kc3c2': [83.61418635575762], 'kc3o': [0.42], 'koc3': [0.09185299079593397], 'ki2i1': [0.0014962269688265383], 'ki3i2': [0.0034065038885679032], 'c1': [0.006117766329242448], 'c2': [0.0030866608518881427], 'c3': [4.134658158364729e-05], 'i1': [0.05925808051259599], 'i2': [0.04937446891006818], 'i3': [0.15788142126442106], 'io': [0.7237430928496432], 'o': [0.0004971627005572835]}, 'HCN': {'gbar': [0.0001], 'i': [-0.0006543576533551511], 'linf': [0.2778925751399509], 'taul': [36.317106483768264], 'g': [2.4581458431942097e-05], 'l1': [0.2709203682705451], 'l2': [0.14542490218216958]}, 'ichan3': {'gnabar': [0.05], 'gkfbar': [0.0005], 'gksbar': [0.0005], 'gkabar': [0.0005], 'ina': [-4.012246154558583e-07], 'ik': [1.6776806385829218e-05], 'gna': [3.385291271619634e-09], 'gkf': [8.880616285458074e-14], 'gks': [2.370320347138081e-10], 'gka': [1.978152638438499e-06], 'm': [0.00415593149687645], 'n1': [0.0036506584867602157], 'h': [0.9432558135687583], 'n2': [0.026239945427753094], 'k': [0.023065877847438576], 'l': [0.17152238471760609]}, 'Kir21': {'gkbar': [0.00015], 'ik': [0.0002571254235446833], 'gk': [3.032128226660156e-05], 'O': [0.01956865619828547], 'BS': [0.5065748413188788], 'B1': [0.10462533147838834], 'B2': [0.18650784364593437], 'B3': [0.11082869044509251], 'BB': [0.07189463691342048]}, 'Kv11': {'gkbar': [1e-05], 'ik': [2.344691421692348e-06], 'gk': [2.7649560842768337e-07], 'm': [0.034221543384475174], 'h': [0.8079628503037618]}, 'Kv14': {'gkbar': [1e-05], 'scale_a': [1.0], 'scale_i': [1.0], 'gk': [1.406968890165748e-08], 'ik': [1.1931140266997956e-07], 'n': [0.26523712016166506], 'h': [0.2842854887392911]}, 'Kv21': {'gkbar': [3e-05], 'ik': [2.9534027554809205e-08], 'gk': [3.482773401453771e-09], 'm': [0.00011612318615161781], 'h': [0.9997401600314492]}, 'Kv33': {'gkbar': [0.02], 'ik': [1.9523440204616226e-15], 'gk': [2.3022839713724856e-16], 'm': [0.000345998828230075], 'h': [0.803232905562108]}, 'Kv34': {'gkbar': [0.002], 'ik': [3.1290861425270592e-06], 'gk': [3.689946441550013e-07], 'm': [0.00020192652553692404], 'h': [0.913694115868972]}, 'Kv42b': {'gkbar': [0.00015], 'ik': [8.257485229755152e-08], 'gk': [9.737564532205372e-09], 'O': [6.491384069382946e-05], 'C0': [0.0015971894508944183], 'C1': [0.0035559651621649238], 'C2': [0.002979268227777861], 'C3': [0.0011235620995886817], 'C4': [0.00017181604713587174], 'I0': [1.3249521231383277e-10], 'I1': [1.720322374604384e-07], 'I2': [7.152144013342952e-05], 'I3': [0.013068435987935674], 'I4': [0.8947624828522631], 'IO1': [0.00020004980882471464], 'IO2': [0.0037606113753965408], 'I5': [0.07862946807291775], 'C5': [1.45434695405852e-05]}, 'Kv42': {'gkbar': [0.00015], 'ik': [1.8828161339405992e-13], 'gk': [2.2202938420596667e-14], 'O': [1.4799969690401032e-10], 'C0': [0.9489820704694455], 'C1': [0.001870512835029249], 'C2': [1.383302479294838e-06], 'C3': [6.377287936718103e-10], 'C4': [1.3743863322252727e-10], 'I0': [0.048082791996359744], 'I1': [0.0010545184140519966], 'I2': [8.656414551127614e-06], 'I3': [3.156611079592349e-08], 'I4': [5.16038853008338e-11], 'IO1': [5.701329417747437e-09], 'IO2': [2.832587187823585e-08]}, 'Kv723': {'gkbar': [2e-09], 'i': [8.165340628054318e-11], 'ik': [8.165340628054318e-11], 'gk': [9.628903846731419e-12], 'minf': [0.11337617794630099], 'tau1': [50.58415316830572], 'tau2': [146.32118078371133], 'tadjtau': [6.898648307306074], 'm1': [0.15810950338235513], 'm2': [0.19252136104668086]}, 'na8st': {'gbar': [1e-06], 'a1_0': [0.0], 'a1_1': [0.0], 'b1_0': [0.0], 'b1_1': [0.0], 'a2_0': [0.0], 'a2_1': [0.0], 'b2_0': [0.0], 'b2_1': [0.0], 'a3_0': [0.0], 'a3_1': [0.0], 'b3_0': [0.0], 'b3_1': [0.0], 'bh_0': [0.0], 'bh_1': [0.0], 'bh_2': [0.0], 'ah_0': [0.0], 'ah_1': [0.0], 'ah_2': [0.0], 'vShift_inact_local': [0.0], 'g': [1e-06], 'c1': [0.0], 'c2': [0.0], 'c3': [0.0], 'i1': [0.0], 'i2': [0.0], 'i3': [0.0], 'i4': [0.0], 'i5': [0.0], 'i6': [0.0], 'o': [1.0]}, 'SK2': {'gkbar': [5e-06], 'gk': [3.298640777854868e-08], 'ik': [2.7972577138069683e-07], 'acai': [5.57578030046126e-05], 'c1': [0.8595573245731085], 'c2': [0.119944070719194], 'c3': [0.013542158404004835], 'c4': [0.0003600911512571604], 'o1': [0.002166984587684243], 'o2': [0.004429370564751284]}}, 'ions': {'na': {'ena': [50.0], 'nai': [10.0], 'nao': [140.0], 'ina': [-0.00011892119328683678], 'dina_dv_': [1.0033852912873442e-06]}, 'k': {'ek': [-77.0], 'ki': [54.4], 'ko': [2.5], 'ik': [0.0002798920074960183], 'dik_dv_': [3.3006011021801705e-05]}, 'lca': {'elca': [0.0], 'lcai': [3.219146300688955e-07], 'lcao': [1.0], 'ilca': [-1.2299771744008216e-06], 'dilca_dv_': [5.932914269494527e-09]}, 'pca': {'epca': [0.0], 'pcai': [1.0], 'pcao': [1.0], 'ipca': [-3.9351383218042655e-09], 'dipca_dv_': [0.0]}, 'nca': {'enca': [0.0], 'ncai': [1.0870338864311158e-10], 'ncao': [1.0], 'inca': 