{
  "python_version": "3.12.2 | packaged by conda-forge | (main, Feb 16 2024, 20:50:58) [GCC 12.3.0]",
  "neuron_version": "NEURON -- VERSION 9.0.1 HEAD (b12a541+) 2025-11-14",
  "dt_ms": 0.025,
  "tstop_ms": 500.0,
  "v_init_mV": -70.0,
  "celsius_C": 34.0,
  "morphology": {
    "soma": {
      "L": 20.0,
      "diam": 20.0,
      "nseg": 1
    },
    "dend_prox": {
      "L": 150.0,
      "diam": 2.0,
      "nseg": 9
    },
    "dend_dist": {
      "L": 200.0,
      "diam": 1.2,
      "nseg": 11
    },
    "axon": {
      "L": 300.0,
      "diam": 1.0,
      "nseg": 11
    }
  },
  "Ra_ohmcm": 100.0,
  "cm_uFcm2": 1.0,
  "soma_psection": "{'point_processes': {'SEClamp': {SEClamp[0]}}, 'density_mechs': {'pas': {'g': [0.00039], 'e': [-70.0], 'i': [0.0005738535771117907]}, 'BK_Cav12': {'diff': [1.0], 'gakbar': [0.009999999999999998], 'gabkbar': [0.009999999999999998], 'ik': [4.7530117979693245e-07], 'gak': [5.610588766413666e-08], 'gabk': [5.516178519789404e-13], 'ainf': [5.6111527164718445e-06], 'atau': [1.0], 'abinf': [5.5186396695826114e-11], 'abtau': [4.0], 'acai': [7.018552409984013e-05], 'ab': [5.516193854006268e-11], 'a': [5.610602690390216e-06], 'ca_i': [7.018552409984013e-05]}, 'BK_Cav21': {'diff': [1.0], 'gakbar': [0.009999999999999998], 'gabkbar': [0.009999999999999998], 'ik': [4.75041462325442e-07], 'gak': [5.60752330653278e-08], 'gabk': [5.481346613827091e-13], 'ainf': [5.608085592318457e-06], 'atau': [1.0], 'abinf': [5.483725128521786e-11], 'abtau': [4.0], 'acai': [7.001213035707043e-05], 'ab': [5.4813614331851997e-11], 'a': [5.607537189418295e-06], 'ca_i': [7.001213035707043e-05]}, 'BK_Cav22': {'diff': [1.0], 'gakbar': [0.009999999999999998], 'gabkbar': [0.009999999999999998], 'ik': [4.750238451649816e-07], 'gak': [5.60731537009969e-08], 'gabk': [5.478993916426024e-13], 'ainf': [5.607877467742398e-06], 'atau': [1.0], 'abinf': [5.481362916112883e-11], 'abtau': [4.0], 'acai': [7.000036148161506e-05], 'ab': [5.479008676500787e-11], 'a': [5.607329248339938e-06], 'ca_i': [7.000036148161506e-05]}, 'Cabuffer': {'tau': [8.0], 'brat': [1.0]}, 'Caold': {'gtcabar': [1e-06], 'gncabar': [1e-06], 'glcabar': [1e-06], 'e_ca': [131.79641380102566], 'gtca': [9.716169604254e-11], 'gnca': [3.5244777562672263e-12], 'glca': [2.0254629055434044e-17], 'caim': [7.004690237176016e-05], 'ca_i': [7.004690319100396e-05], 'a': [0.01319635451908134], 'b': [0.5579459663950155], 'c': [0.0019339175731180234], 'd': [0.9423747196783168], 'e': [4.500545803893301e-06]}, 'Cav12': {'gbar': [1e-05], 'g': [1.1915637920187638e-09], 'm': [0.00013639921693442137], 'h': [0.9657229784757694], 'h2': [0.9046013107581108]}, 'Cav13': {'gbar': [1e-09], 'ilca13': [-6.186266262413579e-10], 'g': [2.973290971158961e-12], 'm': [0.003315862571826204], 'h': [0.9912622807152126], 'h2': [0.9046013107581108]}, 'Cav2_1': {'vhalfm': [-29.458], 'cvm': [8.429], 'vhalfh': [-45.0], 'cvh': [10.0], 'vshift': [0.0], 'tauh_base': [50.0], 'tauh_amp': [30.0], 'pcabar': [1e-05], 'ica': [-1.6235517003550754e-08], 'ipca': [-1.6235517003550754e-08], 'minf': [0.009610401085033174], 'hinf': [0.9131608339337266], 'taum': [0.19415162073844863], 'tauh': [23.871484984014224], 'gk': [-2.0095329830254456], 'm': [0.009610089612478594], 'h': [0.9103233051442483]}, 'Cav22': {'gbar': [1e-05], 'g': [2.3237594519574646e-12], 'm': [0.0004895493945401078], 'h': [0.9696254513783785]}, 'Cav32': {'gbar': [1e-05], 'g': [4.968686616234151e-09], 'kc1c2': [0.05378572076817431], 'kc2c1': [0.11971800590248954], 'kc2c3': [1.1071439577856725], 'kc3c2': [83.69870129839614], 'kc3o': [0.42], 'koc3': [0.09187391328423948], 'ki2i1': [0.0014964750737811194], 'ki3i2': [0.0034099470899346582], 'c1': [0.006119790281631446], 'c2': [0.003086182738979265], 'c3': [4.1280198953630586e-05], 'i1': [0.05926094621752555], 'i2': [0.049402814633043184], 'i3': [0.15790426985252476], 'io': [0.7236878283606372], 'o': [0.0004968877167049596]}, 'HCN': {'gbar': [0.0001], 'i': [-0.0006549642576575613], 'linf': [0.2781360383311763], 'taul': [36.32369298519283], 'g': [2.4596288784478172e-05], 'l1': [0.2710958046820742], 'l2': [0.1454648773235384]}, 'ichan3': {'gnabar': [0.05], 'gkfbar': [0.0005], 'gksbar': [0.0005], 'gkabar': [0.0005], 'ina': [-3.9944214200971374e-07], 'ik': [1.6761052369030236e-05], 'gna': [3.3700069644277106e-09], 'gkf': [8.828989388354452e-14], 'gks': [2.357450389124583e-10], 'gka': [1.9783054558203075e-06], 'm': [0.0041495664581375985], 'n1': [0.003645341198260849], 'h': [0.9433247508734203], 'n2': [0.02620425431693871], 'k': [0.02305305471861586], 'l': [0.17163107382631454]}, 'Kir21': {'gkbar': [0.00015], 'ik': [0.00025700525066621954], 'gk': [3.0337920679719675e-05], 'O': [0.01959674104732751], 'BS': [0.5063465919879417], 'B1': [0.10473038442133653], 'B2': [0.18661473799337674], 'B3': [0.11084446964893585], 'BB': [0.07186707490108159]}, 'Kv11': {'gkbar': [1e-05], 'ik': [2.340639343328071e-06], 'gk': [2.762983657090382e-07], 'm': [0.03419712047311177], 'h': [0.8079630698999694]}, 'Kv14': {'gkbar': [1e-05], 'scale_a': [1.0], 'scale_i': [1.0], 'gk': [1.404364055802873e-08], 'ik': [1.189695694700396e-07], 'n': [0.26511374782005587], 'h': [0.2842877366887536]}, 'Kv21': {'gkbar': [3e-05], 'ik': [2.9466997810959734e-08], 'gk': [3.4784014721138605e-09], 'm': [0.0001159774080684455], 'h': [0.9997401633099443]}, 'Kv33': {'gkbar': [0.02], 'ik': [1.9447295266246894e-15], 'gk': [2.295635982895636e-16], 'm': [0.00034574697681844955], 'h': [0.803249721529407]}, 'Kv34': {'gkbar': [0.002], 'ik': [3.123148152433047e-06], 'gk': [3.686688138624112e-07], 'm': [0.00020174732541365412], 'h': [0.9136981748631555]}, 'Kv42b': {'gkbar': [0.00015], 'ik': [8.244958220757442e-08], 'gk': [9.732676194767695e-09], 'O': [6.48812489706826e-05], 'C0': [0.0015988167062354105], 'C1': [0.0035573382132954917], 'C2': [0.0029785455174286875], 'C3': [0.0011226018990934403], 'C4': [0.000171583993112833], 'I0': [1.328161447616745e-10], 'I1': [1.7236272206828292e-07], 'I2': [7.161405331835351e-05], 'I3': [0.01307706723742561], 'I4': [0.89478558350492], 'IO1': [0.00020001155716039613], 'IO2': [0.003760554316200833], 'I5': [0.07859671138014154], 'C5': [1.4517877158472405e-05]}, 'Kv42': {'gkbar': [0.00015], 'ik': [1.8807150097300488e-13], 'gk': [2.2200707043316426e-14], 'O': [1.4798482285683265e-10], 'C0': [0.948984998085607], 'C1': [0.0018678159020018136], 'C2': [1.3793127604660263e-06], 'C3': [6.35659544044077e-10], 'C4': [1.3736171561790696e-10], 'I0': [0.04808407076194128], 'I1': [0.0010530376072408157], 'I2': [8.631899342086553e-06], 'I3': [3.143177610520998e-08], 'I4': [5.134943210379165e-11], 'IO1': [5.701260280269794e-09], 'IO2': [2.8325714713886677e-08]}, 'Kv723': {'gkbar': [2e-09], 'i': [8.146719372457901e-11], 'ik': [8.146719372457901e-11], 'gk': [9.616711155934728e-12], 'minf': [0.11327857102544198], 'tau1': [50.56686794934077], 'tau2': [146.11536010778204], 'tadjtau': [0.0], 'm1': [0.15803576874097433], 'm2': [0.19245694101345984]}, 'na8st': {'gbar': [1e-06], 'a1_0': [0.0], 'a1_1': [0.0], 'b1_0': [0.0], 'b1_1': [0.0], 'a2_0': [0.0], 'a2_1': [0.0], 'b2_0': [0.0], 'b2_1': [0.0], 'a3_0': [0.0], 'a3_1': [0.0], 'b3_0': [0.0], 'b3_1': [0.0], 'bh_0': [0.0], 'bh_1': [0.0], 'bh_2': [0.0], 'ah_0': [0.0], 'ah_1': [0.0], 'ah_2': [0.0], 'vShift_inact_local': [0.0], 'g': [1e-06], 'c1': [0.0], 'c2': [0.0], 'c3': [0.0], 'i1': [0.0], 'i2': [0.0], 'i3': [0.0], 'i4': [0.0], 'i5': [0.0], 'i6': [0.0], 'o': [1.0]}, 'SK2': {'gkbar': [5e-06], 'gk': [2.55559238571513e-08], 'ik': [2.1649494987652789e-07], 'acai': [5.2731654957472826e-05], 'c1': [0.8681041400465455], 'c2': [0.11443370878653256], 'c3': [0.012087661040187133], 'c4': [0.0002634358930122253], 'o1': [0.001934003147613225], 'o2': [0.0031770510861095285]}}, 'ions': {'na': {'ena': [50.0], 'nai': [10.0], 'nao': [140.0], 'ina': [-0.00011892802271351794], 'dina_dv_': [1.003370006966599e-06]}, 'k': {'ek': [-77.0], 'ki': [54.4], 'ko': [2.5], 'ik': [0.00028110291977487327], 'dik_dv_': [3.3182505263614885e-05]}, 'lca': {'elca': [0.0], 'lcai': 