{
  "python_version": "3.12.2 | packaged by conda-forge | (main, Feb 16 2024, 20:50:58) [GCC 12.3.0]",
  "neuron_version": "NEURON -- VERSION 9.0.1 HEAD (b12a541+) 2025-11-14",
  "dt_ms": 0.025,
  "tstop_ms": 500.0,
  "v_init_mV": -70.0,
  "celsius_C": 34.0,
  "morphology": {
    "soma": {
      "L": 20.0,
      "diam": 20.0,
      "nseg": 1
    },
    "dend_prox": {
      "L": 150.0,
      "diam": 2.0,
      "nseg": 9
    },
    "dend_dist": {
      "L": 200.0,
      "diam": 1.2,
      "nseg": 11
    },
    "axon": {
      "L": 300.0,
      "diam": 1.0,
      "nseg": 11
    }
  },
  "Ra_ohmcm": 100.0,
  "cm_uFcm2": 1.0,
  "soma_psection": "{'point_processes': {'SEClamp': {SEClamp[0]}}, 'density_mechs': {'pas': {'g': [0.00039], 'e': [-70.0], 'i': [0.0005771195801023378]}, 'BK_Cav12': {'diff': [1.0], 'gakbar': [3.3333333333333335e-05], 'gabkbar': [3.3333333333333335e-05], 'ik': [1.5886001362725365e-09], 'gak': [1.873376125281254e-10], 'gabk': [1.864663418227344e-15], 'ainf': [5.620693749358029e-06], 'atau': [1.0], 'abinf': [5.596609987396325e-11], 'abtau': [4.0], 'acai': [7.055438083402691e-05], 'ab': [5.5940065769512716e-11], 'a': [5.620142334965566e-06], 'ca_i': [7.055438083402691e-05]}, 'BK_Cav21': {'diff': [1.0], 'gakbar': [3.3333333333333335e-05], 'gabkbar': [3.3333333333333335e-05], 'ik': [1.5858631450571691e-09], 'gak': [1.8701488316799357e-10], 'gabk': [1.8277769300246693e-15], 'ainf': [5.611006757773362e-06], 'atau': [1.0], 'abinf': [5.485696930830613e-11], 'abtau': [4.0], 'acai': [7.000731087153969e-05], 'ab': [5.4833455323361785e-11], 'a': [5.610460327975986e-06], 'ca_i': [7.000731087153969e-05]}, 'BK_Cav22': {'diff': [1.0], 'gakbar': [3.3333333333333335e-05], 'gabkbar': [3.3333333333333335e-05], 'ik': [1.5858276930156877e-09], 'gak': [1.8701070287414236e-10], 'gabk': [1.8273038500969057e-15], 'ainf': [5.610881243795105e-06], 'atau': [1.0], 'abinf': [5.4842724605573553e-11], 'abtau': [4.0], 'acai': [7.000021715427505e-05], 'ab': [5.48192625996427e-11], 'a': [5.610334916563973e-06], 'ca_i': [7.000021715427505e-05]}, 'Cabuffer': {'tau': [8.0], 'brat': [1.0]}, 'Caold': {'gtcabar': [1e-06], 'gncabar': [1e-06], 'glcabar': [1e-06], 'e_ca': [131.79639510460322], 'gtca': [9.737752304654791e-11], 'gnca': [3.5325549478576926e-12], 'glca': [2.0317626766088608e-17], 'caim': [7.004700431772859e-05], 'ca_i': [7.004700513982856e-05], 'a': [0.013211026624368051], 'b': [0.5579439491757139], 'c': [0.0019361334680472512], 'd': [0.942373566344163], 'e': [4.507539239037229e-06]}, 'Cav12': {'gbar': [5e-05], 'g': [5.943141381263461e-09], 'm': [0.00013656978635400257], 'h': [0.9657074152043864], 'h2': [0.9012601842430371]}, 'Cav2_1': {'vhalfm': [-29.458], 'cvm': [8.429], 'vhalfh': [-45.0], 'cvh': [10.0], 'vshift': [0.0], 'tauh_base': [50.0], 'tauh_amp': [30.0], 'pcabar': [1e-05], 'ica': [-1.6280552802411736e-08], 'ipca': [-1.6280552802411736e-08], 'minf': [0.009619861872924865], 'hinf': [0.9130944049890567], 'taum': [0.19415311322577455], 'tauh': [23.87146331218848], 'gk': [-2.009294621174233], 'm': [0.009619551336579768], 'h': [0.910265406942431]}, 'Cav22': {'gbar': [1e-05], 'g': [2.3290813248398775e-12], 'm': [0.0004901157122827501], 'h': [0.969601447187833]}, 'Cav32': {'gbar': [1e-05], 'g': [4.971372224017368e-09], 'kc1c2': [0.05380802471242039], 'kc2c1': [0.1196987051320524], 'kc2c3': [1.1076327169437634], 'kc3c2': [83.61651720267137], 'kc3o': [0.42], 'koc3': [0.09185356803914176], 'ki2i1': [0.0014962338141506551], 'ki3i2': [0.0034065988489977226], 'c1': [0.00611779175770857], 'c2': [0.003086637349308544], 'c3': [4.1344614523262696e-05], 'i1': [0.05925806756443172], 'i2': [0.0493745366410494], 'i3': [0.15788216877564584], 'io': [0.7237422969880549], 'o': [0.0004971563092777253]}, 'HCN': {'gbar': [0.0001], 'i': [-0.0006543665181152297], 'linf': [0.27789929117829415], 'taul': [36.31728822992339], 'g': [2.4581572099002775e-05], 'l1': [0.27092178172866577], 'l2': [0.1454249468586034]}, 'ichan3': {'gnabar': [0.05], 'gkfbar': [0.0005], 'gksbar': [0.0005], 'gkabar': [0.0005], 'ina': [-4.0117532960558064e-07], 'ik': [1.6776185723923965e-05], 'gna': [3.3848686435132994e-09], 'gkf': [8.879244350021587e-14], 'gks': [2.370027124629095e-10], 'gka': [1.9781348927869687e-06], 'm': [0.004155755886073345], 'n1': [0.003650517421127223], 'h': [0.9432575789328703], 'n2': [0.026239133295567284], 'k': [0.023065524866140597], 'l': [0.1715234721734823]}, 'Kir21': {'gkbar': [0.00015], 'ik': [0.000257121593227396], 'gk': [3.032167991808188e-05], 'O': [0.019569371765727355], 'BS': [0.5065692340438543], 'B1': [0.10462789948583501], 'B2': [0.18651020091293066], 'B3': [0.11082877370522135], 'BB': [0.07189452008643128]}, 'Kv11': {'gkbar': [1e-05], 'ik': [2.3445954239154232e-06], 'gk': [2.764920327733415e-07], 'm': [0.03422110034437863], 'h': [0.8079628502655365]}, 'Kv14': {'gkbar': [1e-05], 'scale_a': [1.0], 'scale_i': [1.0], 'gk': [1.4069055198147062e-08], 'ik': [1.19302686972648e-07], 'n': [0.26523412607160934], 'h': [0.2842855129147577]}, 'Kv21': {'gkbar': [3e-05], 'ik': [2.9532543082254248e-08], 'gk': [3.4826958998932676e-09], 'm': [0.00011612059913245069], 'h': [0.9997401600390748]}, 'Kv33': {'gkbar': [0.02], 'ik': [1.9521371326817385e-15], 'gk': [2.302104484901386e-16], 'm': [0.0003459920763636958], 'h': [0.8032329545256686]}, 'Kv34': {'gkbar': [0.002], 'ik': [3.1289234308720724e-06], 'gk': [3.6898579216247967e-07], 'm': [0.0002019216781935465], 'h': [0.9136941214764501]}, 'Kv42b': {'gkbar': [0.00015], 'ik': [8.257152114857781e-08], 'gk': [9.737444464269671e-09], 'O': [6.491303969063918e-05], 'C0': [0.0015972288950492305], 'C1': [0.003555992202410653], 'C2': [0.002979240298652355], 'C3': [0.0011235330494194693], 'C4': [0.00017180936944290973], 'I0': [1.3250400863363968e-10], 'I1': [1.7204132857195833e-07], 'I2': [7.152398975100641e-05], 'I3': [0.013068673851551135], 'I4': [0.894763143442379], 'IO1': [0.00020004905486982772], 'IO2': [0.003760611545175192], 'I5': [0.07862856634640836], 'C5': [1.4542741367601787e-05]}, 'Kv42': {'gkbar': [0.00015], 'ik': [1.882758591253293e-13], 'gk': [2.220288177683803e-14], 'O': [1.479993191584361e-10], 'C0': [0.9489821403772618], 'C1': [0.00187044255617978], 'C2': [1.3831985136880639e-06], 'C3': [6.376748799673579e-10], 'C4': [1.374365632679922e-10], 'I0': [0.0480828230934992], 'I1': [0.0010544882941297767], 'I2': [8.655915136316713e-06], 'I3': [3.156337185458266e-08], 'I4': [5.159863972522639e-11], 'IO1': [5.70132846088399e-09], 'IO2': [2.8325869720263835e-08]}, 'Kv723': {'gkbar': [2e-09], 'i': [8.165077117732676e-11], 'ik': [8.165077117732676e-11], 'gk': [9.6288628178882e-12], 'minf': [0.11337348471158941], 'tau1': [50.58367622311265], 'tau2': [146.3155016435039], 'tadjtau': [6.898648307306074], 'm1': [0.1581091665483261], 'm2': [0.19252135655598063]}, 'na8st': {'gbar': [1e-06], 'a1_0': [0.0], 'a1_1': [0.0], 'b1_0': [0.0], 'b1_1': [0.0], 'a2_0': [0.0], 'a2_1': [0.0], 'b2_0': [0.0], 'b2_1': [0.0], 'a3_0': [0.0], 'a3_1': [0.0], 'b3_0': [0.0], 'b3_1': [0.0], 'bh_0': [0.0], 'bh_1': [0.0], 'bh_2': [0.0], 'ah_0': [0.0], 'ah_1': [0.0], 'ah_2': [0.0], 'vShift_inact_local': [0.0], 'g': [1e-06], 'c1': [0.0], 'c2': [0.0], 'c3': [0.0], 'i1': [0.0], 'i2': [0.0], 'i3': [0.0], 'i4': [0.0], 'i5': [0.0], 'i6': [0.0], 'o': [1.0]}, 'SK2': {'gkbar': [5e-06], 'gk': [2.895607733268115e-08], 'ik': [2.4554156489709563e-07], 'acai': [5.4781285021996066e-05], 'c1': [0.8627270586888101], 'c2': [0.11817372191232296], 'c3': [0.01300239689134751], 'c4': [0.0003059376793372382], 'o1': [0.002080411197859887], 'o2': [0.003710473630322262]}}, 'ions': {'na': {'ena': [50.0], 'nai': [10.0], 'nao': [140.0], 'ina': [-0.00011892138153447138], 'dina_dv_': [1.0033848686593022e-06]}, 'k': {'ek': [-77.0], 'ki': [54.4], 'ko': [2.5], 'ik': [0.0002798530882541815], 'dik_dv_': [3.3002345931558416e-05]}, 'lca': {'elca': [0.0], 'lcai': [3.228336177378062e-07], 'lcao': [1.0], 'ilca': [-1.2334884589176952e-06], 'dilca_dv_': [5.9431413810868175e-09]}, 'pca': {'epca': [0.0], 'pcai': [1.0], 'pcao': 