{
  "python_version": "3.12.2 | packaged by conda-forge | (main, Feb 16 2024, 20:50:58) [GCC 12.3.0]",
  "neuron_version": "NEURON -- VERSION 9.0.1 HEAD (b12a541+) 2025-11-14",
  "dt_ms": 0.025,
  "tstop_ms": 500.0,
  "v_init_mV": -70.0,
  "celsius_C": 34.0,
  "morphology": {
    "soma": {
      "L": 20.0,
      "diam": 20.0,
      "nseg": 1
    },
    "dend_prox": {
      "L": 150.0,
      "diam": 2.0,
      "nseg": 9
    },
    "dend_dist": {
      "L": 200.0,
      "diam": 1.2,
      "nseg": 11
    },
    "axon": {
      "L": 300.0,
      "diam": 1.0,
      "nseg": 11
    }
  },
  "Ra_ohmcm": 100.0,
  "cm_uFcm2": 1.0,
  "soma_psection": "{'point_processes': {'SEClamp': {SEClamp[0]}}, 'density_mechs': {'pas': {'g': [0.00039], 'e': [-70.0], 'i': [0.0005772121932817949]}, 'BK_Cav12': {'diff': [1.0], 'gakbar': [3.3333333333333335e-05], 'gabkbar': [3.3333333333333335e-05], 'ik': [1.600263450405086e-09], 'gak': [1.8870758873723678e-10], 'gabk': [2.02805898011053e-15], 'ainf': [5.661825057945946e-06], 'atau': [1.0], 'abinf': [6.088559019635025e-11], 'abtau': [4.0], 'acai': [7.286339898261342e-05], 'ab': [6.084204242917778e-11], 'a': [5.661242411872671e-06], 'ca_i': [7.286339898261342e-05]}, 'BK_Cav21': {'diff': [1.0], 'gakbar': [3.3333333333333335e-05], 'gabkbar': [3.3333333333333335e-05], 'ik': [1.5859389430887547e-09], 'gak': [1.870185843492832e-10], 'gabk': [1.8279064093044203e-15], 'ainf': [5.611119133198051e-06], 'atau': [1.0], 'abinf': [5.486087559646428e-11], 'abtau': [4.0], 'acai': [7.000884056889163e-05], 'ab': [5.483733983826331e-11], 'a': [5.6105713964990465e-06], 'ca_i': [7.000884056889163e-05]}, 'BK_Cav22': {'diff': [1.0], 'gakbar': [3.3333333333333335e-05], 'gabkbar': [3.3333333333333335e-05], 'ik': [1.5858995305895983e-09], 'gak': [1.8701393719366578e-10], 'gabk': [1.8273787900259767e-15], 'ainf': [5.6109796794679415e-06], 'atau': [1.0], 'abinf': [5.484504828597982e-11], 'abtau': [4.0], 'acai': [7.000095915802703e-05], 'ab': [5.4821511267809466e-11], 'a': [5.6104319808660896e-06], 'ca_i': [7.000095915802703e-05]}, 'Cabuffer': {'tau': [9.0], 'brat': [1.0]}, 'Caold': {'gtcabar': [1e-05], 'gncabar': [1e-05], 'glcabar': [1e-05], 'e_ca': [131.71907979731515], 'gtca': [9.738303499726518e-10], 'gnca': [3.532781419496919e-11], 'glca': [2.0319416014223953e-16], 'caim': [7.046985292128738e-05], 'ca_i': [7.046986123665279e-05], 'a': [0.013211400733459963], 'b': [0.557943948551808], 'c': [0.0019361955550291508], 'd': [0.9423735657002007], 'e': [4.507737785041103e-06]}, 'Cav12': {'gbar': [5e-05], 'g': [5.9329179848349186e-09], 'm': [0.00013657462625405316], 'h': [0.9657073069788249], 'h2': [0.8996780224660389]}, 'Cav2_1': {'vhalfm': [-29.458], 'cvm': [8.429], 'vhalfh': [-11.039], 'cvh': [16.098], 'vshift': [0.0], 'tauh_base': [120.0], 'tauh_amp': [80.0], 'pcabar': [2.2e-06], 'ica': [-3.790306007935787e-09], 'ipca': [-3.790306007935787e-09], 'minf': [0.009620130390356649], 'hinf': [0.9726335006685424], 'taum': [0.19415315556471405], 'tauh': [59.675196259572466], 'gk': [-2.0092878541768613], 'm': [0.00961981910231965], 'h': [0.9631990873305523]}, 'Cav22': {'gbar': [1e-05], 'g': [2.0034127499408116e-12], 'm': [0.0004901316557986298], 'h': [0.8339865592668223]}, 'Cav32': {'gbar': [1e-05], 'g': [4.971436143912894e-09], 'kc1c2': [0.0538086575639836], 'kc2c1': [0.11969815765458708], 'kc2c3': [1.107646585174896], 'kc3c2': [83.61418698765411], 'kc3o': [0.42], 'koc3': [0.09185299095242724], 'ki2i1': [0.0014962269706823386], 'ki3i2': [0.0034065039143118345], 'c1': [0.006117766157338793], 'c2': [0.0030866607875403977], 'c3': [4.1346580298637844e-05], 'i1': [0.059258080049035926], 'i2': [0.04937446455379549], 'i3': [0.15788142215172934], 'io': [0.7237430970135477], 'o': [0.0004971627067137589]}, 'HCN': {'gbar': [0.0001], 'i': [-0.0006543576071616833], 'linf': [0.277892576960692], 'taul': [36.31710653304069], 'g': [2.4581456637739523e-05], 'l1': [0.27092034744272286], 'l2': [0.1454248958465466]}, 'ichan3': {'gnabar': [0.05], 'gkfbar': [0.0005], 'gksbar': [0.0005], 'gkabar': [0.0005], 'ina': [-4.0122460210762025e-07], 'ik': [1.677680506269301e-05], 'gna': [3.385291157173104e-09], 'gkf': [8.880616284835103e-14], 'gks': [2.3703206730819973e-10], 'gka': [1.978152497259386e-06], 'm': [0.00415593145020924], 'n1': [0.0036506584862589096], 'h': [0.9432558131452817], 'n2': [0.02623994632589351], 'k': [0.023065877757903343], 'l': [0.17152237314612784]}, 'Kir21': {'gkbar': [0.00015], 'ik': [0.0002571254192671832], 'gk': [3.032128199028355e-05], 'O': [0.019568656019477475], 'BS': [0.5065748444400963], 'B1': [0.10462533008633686], 'B2': [0.1865078405338435], 'B3': [0.11082868823438059], 'BB': [0.07189464068586521]}, 'Kv11': {'gkbar': [1e-05], 'ik': [2.3446914961709565e-06], 'gk': [2.764956192905394e-07], 'm': [0.03422154472717435], 'h': [0.807962850274556]}, 'Kv14': {'gkbar': [1e-05], 'scale_a': [1.0], 'scale_i': [1.0], 'gk': [1.406968955288868e-08], 'ik': [1.193114072948793e-07], 'n': [0.2652371220195279], 'h': [0.28428549387943697]}, 'Kv21': {'gkbar': [3e-05], 'ik': [2.95340294697576e-08], 'gk': [3.48277365347269e-09], 'm': [0.00011612319453631052], 'h': [0.9997401600327258]}, 'Kv33': {'gkbar': [0.02], 'ik': [1.9523439886315146e-15], 'gk': [2.302283951156845e-16], 'm': [0.000345998827711642], 'h': [0.8032329031375399]}, 'Kv34': {'gkbar': [0.002], 'ik': [3.1290861074286456e-06], 'gk': [3.6899464279194227e-07], 'm': [0.00020192652487522995], 'h': [0.9136941154249748]}, 'Kv42b': {'gkbar': [0.00015], 'ik': [8.257485212513885e-08], 'gk': [9.737564585127954e-09], 'O': [6.491384104344002e-05], 'C0': [0.0015971894304419767], 'C1': [0.0035559651083558914], 'C2': [0.002979268176075915], 'C3': [0.0011235620780363326], 'C4': [0.00017181604394316278], 'I0': [1.3249521440500055e-10], 'I1': [1.7203223979700928e-07], 'I2': [7.152144079554982e-05], 'I3': [0.013068436050719369], 'I4': [0.8947624831655632], 'IO1': [0.00020004981021954138], 'IO2': [0.0037606113788605467], 'I5': [0.07862946784197564], 'C5': [1.4543469234467796e-05]}, 'Kv42': {'gkbar': [0.00015], 'ik': [1.8828160161745755e-13], 'gk': [2.2202937198880778e-14], 'O': [1.47999688753082e-10], 'C0': [0.9489820704739708], 'C1': [0.001870512843522116], 'C2': [1.3833024922627804e-06], 'C3': [6.377287908065409e-10], 'C4': [1.3743862545834966e-10], 'I0': [0.04808279192299894], 'I1': [0.0010545184733889675], 'I2': [8.656415541482363e-06], 'I3': [3.156611624140085e-08], 'I4': [5.1603894837700625e-11], 'IO1': [5.7013290980383204e-09], 'IO2': [2.8325869290596665e-08]}, 'Kv723': {'gkbar': [2e-09], 'i': [8.16534205897408e-11], 'ik': [8.16534205897408e-11], 'gk': [9.628905606567331e-12], 'minf': [0.1133761772161504], 'tau1': [50.584153039003276], 'tau2': [146.3211792440655], 'tadjtau': [6.898648307306074], 'm1': [0.15810951359948527], 'm2': [0.19252137134020322]}, 'na8st': {'gbar': [1e-06], 'a1_0': [0.0], 'a1_1': [0.0], 'b1_0': [0.0], 'b1_1': [0.0], 'a2_0': [0.0], 'a2_1': [0.0], 'b2_0': [0.0], 'b2_1': [0.0], 'a3_0': [0.0], 'a3_1': [0.0], 'b3_0': [0.0], 'b3_1': [0.0], 'bh_0': [0.0], 'bh_1': [0.0], 'bh_2': [0.0], 'ah_0': [0.0], 'ah_1': [0.0], 'ah_2': [0.0], 'vShift_inact_local': [0.0], 'g': [1e-06], 'c1': [0.0], 'c2': [0.0], 'c3': [0.0], 'i1': [0.0], 'i2': [0.0], 'i3': [0.0], 'i4': [0.0], 'i5': [0.0], 'i6': [0.0], 'o': [1.0]}, 'SK2': {'gkbar': [5e-06], 'gk': [3.296030310602491e-08], 'ik': [2.795044008372036e-07], 'acai': [5.575744960809417e-05], 'c1': [0.8595648978054317], 'c2': [0.11994329103109685], 'c3': [0.013540946276454791], 'c4': [0.0003597252253308423], 'o1': [0.0021667884386205325], 'o2': [0.004424351223065362]}}, 'ions': {'na': {'ena': [50.0], 'nai': [10.0], 'nao': [140.0], 'ina': [-0.0001189211933372825], 'dina_dv_': [1.0033852911593363e-06]}, 'k': {'ek': [-77.0], 'ki': [54.4], 'ko': [2.5], 'ik': [0.00027989178056878137], 'dik_dv_': [3.3005984509925406e-05]}, 'lca': {'elca': [0.0], 'lcai': [3.219149620145789e-07], 'lcao': [1.0], 'ilca': [-1.229978442704824e-06], 'dilca_dv_': [5.93291798500455e-09]}, 'pca': {'epca': [0.0], 'pcai': [1.0], 