{
  "python_version": "3.12.2 | packaged by conda-forge | (main, Feb 16 2024, 20:50:58) [GCC 12.3.0]",
  "neuron_version": "NEURON -- VERSION 9.0.1 HEAD (b12a541+) 2025-11-14",
  "dt_ms": 0.025,
  "tstop_ms": 500.0,
  "v_init_mV": -70.0,
  "celsius_C": 34.0,
  "morphology": {
    "soma": {
      "L": 20.0,
      "diam": 20.0,
      "nseg": 1
    },
    "dend_prox": {
      "L": 150.0,
      "diam": 2.0,
      "nseg": 9
    },
    "dend_dist": {
      "L": 200.0,
      "diam": 1.2,
      "nseg": 11
    },
    "axon": {
      "L": 300.0,
      "diam": 1.0,
      "nseg": 11
    }
  },
  "Ra_ohmcm": 100.0,
  "cm_uFcm2": 1.0,
  "soma_psection": "{'point_processes': {'SEClamp': {SEClamp[0]}}, 'density_mechs': {'pas': {'g': [0.00039], 'e': [-70.0], 'i': [0.0005747939326700522]}, 'BK_Cav12': {'diff': [1.0], 'gakbar': [3.3333333333333335e-05], 'gabkbar': [3.3333333333333335e-05], 'ik': [1.5841156652872576e-09], 'gak': [1.869402707502699e-10], 'gabk': [1.8267144532110812e-15], 'ainf': [5.608769366740159e-06], 'atau': [1.0], 'abinf': [5.4825093315391745e-11], 'abtau': [4.0], 'acai': [7.000185873552817e-05], 'ab': [5.4801581008433884e-11], 'a': [5.60822197967756e-06], 'ca_i': [7.000185873552817e-05]}, 'BK_Cav21': {'diff': [1.0], 'gakbar': [3.3333333333333335e-05], 'gabkbar': [3.3333333333333335e-05], 'ik': [1.584166986687192e-09], 'gak': [1.8694632652330638e-10], 'gabk': [1.82739951432814e-15], 'ainf': [5.608951214184464e-06], 'atau': [1.0], 'abinf': [5.484573348164998e-11], 'abtau': [4.0], 'acai': [7.001214010332505e-05], 'ab': [5.482213339230364e-11], 'a': [5.608403657170981e-06], 'ca_i': [7.001214010332505e-05]}, 'BK_Cav22': {'diff': [1.0], 'gakbar': [3.3333333333333335e-05], 'gabkbar': [3.3333333333333335e-05], 'ik': [1.5841081905937273e-09], 'gak': [1.8693938875873453e-10], 'gabk': [1.826614537106044e-15], 'ainf': [5.608742893214329e-06], 'atau': [1.0], 'abinf': [5.482208906297105e-11], 'abtau': [4.0], 'acai': [7.000036194010287e-05], 'ab': [5.479858348310676e-11], 'a': [5.608195519591275e-06], 'ca_i': [7.000036194010287e-05]}, 'Cabuffer': {'tau': [8.0], 'brat': [1.0]}, 'Caold': {'gtcabar': [1e-06], 'gncabar': [1e-06], 'glcabar': [1e-06], 'e_ca': [131.79640838330448], 'gtca': [9.722391856093777e-11], 'gnca': [3.526802089440924e-12], 'glca': [2.0272747475387983e-17], 'caim': [7.004693191294906e-05], 'ca_i': [7.004693273259815e-05], 'a': [0.013200586184990195], 'b': [0.5579453756204847], 'c': [0.0019345554901751107], 'd': [0.9423743819210764], 'e': [4.502558242657834e-06]}, 'Cav12': {'gbar': [1e-07], 'g': [1.1930876233729874e-11], 'm': [0.0001364483058512019], 'h': [0.9657184455751165], 'h2': [0.9054365540933395]}, 'Cav13': {'gbar': [1e-09], 'ilca13': [-6.198709184705468e-10], 'g': [2.9774652482950753e-12], 'm': [0.0033174566718888847], 'h': [0.9912616898741524], 'h2': [0.9054365540933395]}, 'Cav2_1': {'vhalfm': [-29.458], 'cvm': [8.429], 'vhalfh': [-45.0], 'cvh': [10.0], 'vshift': [0.0], 'tauh_base': [50.0], 'tauh_amp': [30.0], 'pcabar': [1e-05], 'ica': [-1.6248469222490947e-08], 'ipca': [-1.6248469222490947e-08], 'minf': [0.009613124090378266], 'hinf': [0.9131417124219497], 'taum': [0.19415205045426037], 'tauh': [23.871478746576198], 'gk': [-2.0094643598218602], 'm': [0.009612813055086086], 'h': [0.9103064788112197]}, 'Cav22': {'gbar': [1e-05], 'g': [2.3252906064056358e-12], 'm': [0.0004897124103121733], 'h': [0.9696184745904846]}, 'Cav32': {'gbar': [1e-05], 'g': [4.969462128416089e-09], 'kc1c2': [0.053792141572450436], 'kc2c1': [0.11971244850518001], 'kc2c3': [1.107284659221612], 'kc3c2': [83.67503057455741], 'kc3o': [0.42], 'koc3': [0.091868055018855], 'ki2i1': [0.00149640560631475], 'ki3i2': [0.0034089827271115984], 'c1': [0.006119210096834719], 'c2': [0.0030863123427919185], 'c3': [4.129871871745774e-05], 'i1': [0.059260103244187255], 'i2': [0.049394559868521766], 'i3': [0.15789792318899637], 'io': [0.7237036272637916], 'o': [0.0004969652761590083]}, 'HCN': {'gbar': [0.0001], 'i': [-0.0006547908298061619], 'linf': [0.2780678613771769], 'taul': [36.32184897888034], 'g': [2.459200269800357e-05], 'l1': [0.27104513045421746], 'l2': [0.1454532173373906]}, 'ichan3': {'gnabar': [0.05], 'gkfbar': [0.0005], 'gksbar': [0.0005], 'gkabar': [0.0005], 'ina': [-3.9994040696928533e-07], 'ik': [1.6765378689741525e-05], 'gna': [3.3742793594220267e-09], 'gkf': [8.843442072901015e-14], 'gks': [2.361077680586926e-10], 'gka': [1.9782526640618165e-06], 'm': [0.0041513476399593], 'n1': [0.0036468320586325862], 'h': [0.9433053884419084], 'n2': [0.026214328032497042], 'k': [0.023056644643448383], 'l': [0.17159976536159635]}, 'Kir21': {'gkbar': [0.00015], 'ik': [0.00025703866850902967], 'gk': [3.033323189307911e-05], 'O': [0.019588846040691922], 'BS': [0.5064108629110219], 'B1': [0.10470080524445431], 'B2': [0.18658452329582648], 'B3': [0.11083988454798564], 'BB': [0.07187507796001977]}, 'Kv11': {'gkbar': [1e-05], 'ik': [2.3417809327449477e-06], 'gk': [2.7635446638352086e-07], 'm': [0.034204066799074194], 'h': [0.8079630056902546]}, 'Kv14': {'gkbar': [1e-05], 'scale_a': [1.0], 'scale_i': [1.0], 'gk': [1.4050970286770083e-08], 'ik': [1.1906554192780758e-07], 'n': [0.2651484921153904], 'h': [0.28428705130186643]}, 'Kv21': {'gkbar': [3e-05], 'ik': [2.9485926673430507e-08], 'gk': [3.479645520090586e-09], 'm': [0.0001160188884064262], 'h': [0.9997401623426656]}, 'Kv33': {'gkbar': [0.02], 'ik': [1.946860466723027e-15], 'gk': [2.297497506625282e-16], 'm': [0.00034581757120251904], 'h': [0.8032448292071402]}, 'Kv34': {'gkbar': [0.002], 'ik': [3.1248104830403795e-06], 'gk': [3.6876008405193944e-07], 'm': [0.00020179753147170162], 'h': [0.913696990431159]}, 'Kv42b': {'gkbar': [0.00015], 'ik': [8.248470458329287e-08], 'gk': [9.73405163616171e-09], 'O': [6.489041913000166e-05], 'C0': [0.001598358548256649], 'C1': [0.0035569490362326165], 'C2': [0.002978744452931535], 'C3': [0.0011228696013203332], 'C4': [0.00017164882452870534], 'I0': [1.3272618931518852e-10], 'I1': [1.7227012077307398e-07], 'I2': [7.158810967758226e-05], 'I3': [0.013074650015107452], 'I4': [0.89477912778077], 'IO1': [0.00020002240986462033], 'IO2': [0.0037605711086532256], 'I5': [0.07860588226120549], 'C5': [1.4525029474830758e-05]}, 'Kv42': {'gkbar': [0.00015], 'ik': [1.8813035809935394e-13], 'gk': [2.2201335742428368e-14], 'O': [1.4798901359758316e-10], 'C0': [0.9489841733770396], 'C1': [0.0018685727027804686], 'C2': [1.3804317898674256e-06], 'C3': [6.362396916473108e-10], 'C4': [1.373832828379241e-10], 'I0': [0.04808371095487107], 'I1': [0.0010534572212827584], 'I2': [8.638842358121552e-06], 'I3': [3.1469801567016345e-08], 'I4': [5.142140082914936e-11], 'IO1': [5.7012805300694034e-09], 'IO2': [2.8325762512941363e-08]}, 'Kv723': {'gkbar': [2e-09], 'i': [8.152042031749103e-11], 'ik': [8.152042031749103e-11], 'gk': [9.62025607997135e-12], 'minf': [0.11330589857630882], 'tau1': [50.57170738794156], 'tau2': [146.17298486370515], 'tadjtau': [6.898648307306074], 'm1': [0.15805717279138995], 'm2': [0.19247577184696424]}, 'na8st': {'gbar': [1e-06], 'a1_0': [0.0], 'a1_1': [0.0], 'b1_0': [0.0], 'b1_1': [0.0], 'a2_0': [0.0], 'a2_1': [0.0], 'b2_0': [0.0], 'b2_1': [0.0], 'a3_0': [0.0], 'a3_1': [0.0], 'b3_0': [0.0], 'b3_1': [0.0], 'bh_0': [0.0], 'bh_1': [0.0], 'bh_2': [0.0], 'ah_0': [0.0], 'ah_1': [0.0], 'ah_2': [0.0], 'vShift_inact_local': [0.0], 'g': [1e-06], 'c1': [0.0], 'c2': [0.0], 'c3': [0.0], 'i1': [0.0], 'i2': [0.0], 'i3': [0.0], 'i4': [0.0], 'i5': [0.0], 'i6': [0.0], 'o': [1.0]}, 'SK2': {'gkbar': [5e-06], 'gk': [2.4777727308978062e-08], 'ik': [2.0996226378477887e-07], 'acai': [5.2221634211100324e-05], 'c1': [0.8694301518155789], 'c2': [0.11349479407956799], 'c3': [0.011865779701729775], 'c4': [0.0002538194531046641], 'o1': [0.0018984931832178608], 'o2': [0.0030569617668009174]}}, 'ions': {'na': {'ena': [50.0], 'nai': [10.0], 'nao': [140.0], 'ina': [-0.00011892610981037941], 'dina_dv_': [1.0033742793616098e-06]}, 'k': {'ek': [-77.0], 'ki': [54.4], 'ko': [2.5], 'ik': [0.000279716471152866], 'dik_dv_': [3.300944808436779e-05]},